Workbook

Sheet 1

Sheet 1- bogota
A1: TASAS Y DESEMBOLSOS MENSUALES DE CARTERA DE VIVIENDA
A2: BANCO DE BOGOTA
AG3: Cifras en millones de pesos y tasas efectivas anuales promedio ponderadas
A4: MES | B4: Construcción de Vivienda diferente de VIS en pesos | E4: Construcción de Vivienda diferente de VIS en UVR | H4: Construcción de Vivienda VIS en pesos | K4: Construcción de Vivienda VIS en UVR | N4: Adquisición de Vivienda diferente de VIS en Pesos | Q4: Adquisición de Vivienda diferente de VIS en UVR | T4: Adquisición de Vivienda VIS en Pesos | W4: Adquisición de Vivienda VIS en UVR | Z4: CREDITOS DE VIVIENDA en U.V.R. (Puntos) | AF4: CREDITOS DE VIVIENDA en Pesos (T.E.A.) | AL4: CONSOLIDADO
Z5: VIS | AC5: NO VIS | AF5: VIS | AI5: NO VIS | AL5: VIS | AN5: NO VIS
B6: TASA | C6: MONTO | D6: NÚMERO DE CRÉDITOS DESEMBOLSADOS | E6: TASA | F6: MONTO | G6: NÚMERO DE CRÉDITOS DESEMBOLSADOS | H6: TASA | I6: MONTO | J6: NÚMERO DE CRÉDITOS DESEMBOLSADOS | K6: TASA | L6: MONTO | M6: NÚMERO DE CRÉDITOS DESEMBOLSADOS | N6: TASA | O6: MONTO | P6: NÚMERO DE CRÉDITOS DESEMBOLSADOS | Q6: TASA | R6: MONTO | S6: NÚMERO DE CRÉDITOS DESEMBOLSADOS | T6: TASA | U6: MONTO | V6: NÚMERO DE CRÉDITOS DESEMBOLSADOS | W6: TASA | X6: MONTO | Y6: NÚMERO DE CRÉDITOS DESEMBOLSADOS | Z6: TASA | AA6: MONTO | AB6: NÚMERO DE CRÉDITOS DESEMBOLSADOS | AC6: TASA | AD6: MONTO | AE6: NÚMERO DE CRÉDITOS DESEMBOLSADOS | AF6: TASA | AG6: MONTO | AH6: NÚMERO DE CRÉDITOS DESEMBOLSADOS | AI6: TASA | AJ6: MONTO | AK6: NÚMERO DE CRÉDITOS DESEMBOLSADOS | AL6: MONTO | AM6: NÚMERO DE CRÉDITOS DESEMBOLSADOS | AN6: MONTO | AO6: NÚMERO DE CRÉDITOS DESEMBOLSADOS
A7: SEPTIEMBRE DE 2004 | W7: 11 | X7: 536.812 | Z7: =IF(AA7=0,"N.A.",((K7*L7)+(W7*X7))/AA7) -> 11 | AA7: =+L7+X7 -> 536.812 | AC7: =IF(AD7=0,"N.A.",((E7*F7)+(Q7*R7))/AD7) -> N.A. | AD7: =+F7+R7 -> 0 | AF7: =IF(AG7=0,"N.A.",((H7*I7)+(T7*U7))/AG7) -> N.A. | AG7: =+I7+U7 -> 0 | AI7: =IF(AJ7=0,"N.A.",((B7*C7)+(N7*O7))/AJ7) -> N.A. | AJ7: =+C7+O7 -> 0 | AL7: =+AA7+AG7 -> 536.812 | AM7: =+AB7+AH7 -> 0 | AN7: =+AD7+AJ7 -> 0 | AO7: =+AE7+AK7 -> 0
A8: OCTUBRE DE 2004 | W8: 11 | X8: 68.554 | Z8: =IF(AA8=0,"N.A.",((K8*L8)+(W8*X8))/AA8) -> 11 | AA8: =+L8+X8 -> 68.554 | AC8: =IF(AD8=0,"N.A.",((E8*F8)+(Q8*R8))/AD8) -> N.A. | AD8: =+F8+R8 -> 0 | AF8: =IF(AG8=0,"N.A.",((H8*I8)+(T8*U8))/AG8) -> N.A. | AG8: =+I8+U8 -> 0 | AI8: =IF(AJ8=0,"N.A.",((B8*C8)+(N8*O8))/AJ8) -> N.A. | AJ8: =+C8+O8 -> 0 | AL8: =+AA8+AG8 -> 68.554 | AM8: =+AB8+AH8 -> 0 | AN8: =+AD8+AJ8 -> 0 | AO8: =+AE8+AK8 -> 0
A9: NOVIEMBRE DE 2004 | W9: 11 | X9: 103.363 | Z9: =IF(AA9=0,"N.A.",((K9*L9)+(W9*X9))/AA9) -> 11 | AA9: =+L9+X9 -> 103.363 | AC9: =IF(AD9=0,"N.A.",((E9*F9)+(Q9*R9))/AD9) -> N.A. | AD9: =+F9+R9 -> 0 | AF9: =IF(AG9=0,"N.A.",((H9*I9)+(T9*U9))/AG9) -> N.A. | AG9: =+I9+U9 -> 0 | AI9: =IF(AJ9=0,"N.A.",((B9*C9)+(N9*O9))/AJ9) -> N.A. | AJ9: =+C9+O9 -> 0 | AL9: =+AA9+AG9 -> 103.363 | AM9: =+AB9+AH9 -> 0 | AN9: =+AD9+AJ9 -> 0 | AO9: =+AE9+AK9 -> 0
A10: DICIEMBRE DE 2004 | W10: 11 | X10: 132.877 | Z10: =IF(AA10=0,"N.A.",((K10*L10)+(W10*X10))/AA10) -> 11 | AA10: =+L10+X10 -> 132.877 | AC10: =IF(AD10=0,"N.A.",((E10*F10)+(Q10*R10))/AD10) -> N.A. | AD10: =+F10+R10 -> 0 | AF10: =IF(AG10=0,"N.A.",((H10*I10)+(T10*U10))/AG10) -> N.A. | AG10: =+I10+U10 -> 0 | AI10: =IF(AJ10=0,"N.A.",((B10*C10)+(N10*O10))/AJ10) -> N.A. | AJ10: =+C10+O10 -> 0 | AL10: =+AA10+AG10 -> 132.877 | AM10: =+AB10+AH10 -> 0 | AN10: =+AD10+AJ10 -> 0 | AO10: =+AE10+AK10 -> 0
A11: ENERO DE 2005 | W11: 11 | X11: 34.428 | Z11: =IF(AA11=0,"N.A.",((K11*L11)+(W11*X11))/AA11) -> 11 | AA11: =+L11+X11 -> 34.428 | AC11: =IF(AD11=0,"N.A.",((E11*F11)+(Q11*R11))/AD11) -> N.A. | AD11: =+F11+R11 -> 0 | AF11: =IF(AG11=0,"N.A.",((H11*I11)+(T11*U11))/AG11) -> N.A. | AG11: =+I11+U11 -> 0 | AI11: =IF(AJ11=0,"N.A.",((B11*C11)+(N11*O11))/AJ11) -> N.A. | AJ11: =+C11+O11 -> 0 | AL11: =+AA11+AG11 -> 34.428 | AM11: =+AB11+AH11 -> 0 | AN11: =+AD11+AJ11 -> 0 | AO11: =+AE11+AK11 -> 0
A12: FEBRERO DE 2005 | W12: 11 | X12: 337.484 | Z12: =IF(AA12=0,"N.A.",((K12*L12)+(W12*X12))/AA12) -> 11 | AA12: =+L12+X12 -> 337.484 | AC12: =IF(AD12=0,"N.A.",((E12*F12)+(Q12*R12))/AD12) -> N.A. | AD12: =+F12+R12 -> 0 | AF12: =IF(AG12=0,"N.A.",((H12*I12)+(T12*U12))/AG12) -> N.A. | AG12: =+I12+U12 -> 0 | AI12: =IF(AJ12=0,"N.A.",((B12*C12)+(N12*O12))/AJ12) -> N.A. | AJ12: =+C12+O12 -> 0 | AL12: =+AA12+AG12 -> 337.484 | AM12: =+AB12+AH12 -> 0 | AN12: =+AD12+AJ12 -> 0 | AO12: =+AE12+AK12 -> 0
A13: MARZO DE 2005 | W13: 11 | X13: 751.303 | Z13: =IF(AA13=0,"N.A.",((K13*L13)+(W13*X13))/AA13) -> 11 | AA13: =+L13+X13 -> 751.303 | AC13: =IF(AD13=0,"N.A.",((E13*F13)+(Q13*R13))/AD13) -> N.A. | AD13: =+F13+R13 -> 0 | AF13: =IF(AG13=0,"N.A.",((H13*I13)+(T13*U13))/AG13) -> N.A. | AG13: =+I13+U13 -> 0 | AI13: =IF(AJ13=0,"N.A.",((B13*C13)+(N13*O13))/AJ13) -> N.A. | AJ13: =+C13+O13 -> 0 | AL13: =+AA13+AG13 -> 751.303 | AM13: =+AB13+AH13 -> 0 | AN13: =+AD13+AJ13 -> 0 | AO13: =+AE13+AK13 -> 0
A14: ABRIL DE 2005 | W14: 11 | X14: 101.192 | Z14: =IF(AA14=0,"N.A.",((K14*L14)+(W14*X14))/AA14) -> 11 | AA14: =+L14+X14 -> 101.192 | AC14: =IF(AD14=0,"N.A.",((E14*F14)+(Q14*R14))/AD14) -> N.A. | AD14: =+F14+R14 -> 0 | AF14: =IF(AG14=0,"N.A.",((H14*I14)+(T14*U14))/AG14) -> N.A. | AG14: =+I14+U14 -> 0 | AI14: =IF(AJ14=0,"N.A.",((B14*C14)+(N14*O14))/AJ14) -> N.A. | AJ14: =+C14+O14 -> 0 | AL14: =+AA14+AG14 -> 101.192 | AM14: =+AB14+AH14 -> 0 | AN14: =+AD14+AJ14 -> 0 | AO14: =+AE14+AK14 -> 0
A15: MAYO DE 2005 | W15: 11 | X15: 323.619 | Z15: =IF(AA15=0,"N.A.",((K15*L15)+(W15*X15))/AA15) -> 11 | AA15: =+L15+X15 -> 323.619 | AC15: =IF(AD15=0,"N.A.",((E15*F15)+(Q15*R15))/AD15) -> N.A. | AD15: =+F15+R15 -> 0 | AF15: =IF(AG15=0,"N.A.",((H15*I15)+(T15*U15))/AG15) -> N.A. | AG15: =+I15+U15 -> 0 | AI15: =IF(AJ15=0,"N.A.",((B15*C15)+(N15*O15))/AJ15) -> N.A. | AJ15: =+C15+O15 -> 0 | AL15: =+AA15+AG15 -> 323.619 | AM15: =+AB15+AH15 -> 0 | AN15: =+AD15+AJ15 -> 0 | AO15: =+AE15+AK15 -> 0
A16: JUNIO DE 2005 | W16: 11 | X16: 100.18 | Z16: =IF(AA16=0,"N.A.",((K16*L16)+(W16*X16))/AA16) -> 11 | AA16: =+L16+X16 -> 100.18 | AC16: =IF(AD16=0,"N.A.",((E16*F16)+(Q16*R16))/AD16) -> N.A. | AD16: =+F16+R16 -> 0 | AF16: =IF(AG16=0,"N.A.",((H16*I16)+(T16*U16))/AG16) -> N.A. | AG16: =+I16+U16 -> 0 | AI16: =IF(AJ16=0,"N.A.",((B16*C16)+(N16*O16))/AJ16) -> N.A. | AJ16: =+C16+O16 -> 0 | AL16: =+AA16+AG16 -> 100.18 | AM16: =+AB16+AH16 -> 0 | AN16: =+AD16+AJ16 -> 0 | AO16: =+AE16+AK16 -> 0
A17: JULIO DE 2005 | W17: 11 | X17: 336.69 | Z17: =IF(AA17=0,"N.A.",((K17*L17)+(W17*X17))/AA17) -> 11 | AA17: =+L17+X17 -> 336.69 | AC17: =IF(AD17=0,"N.A.",((E17*F17)+(Q17*R17))/AD17) -> N.A. | AD17: =+F17+R17 -> 0 | AF17: =IF(AG17=0,"N.A.",((H17*I17)+(T17*U17))/AG17) -> N.A. | AG17: =+I17+U17 -> 0 | AI17: =IF(AJ17=0,"N.A.",((B17*C17)+(N17*O17))/AJ17) -> N.A. | AJ17: =+C17+O17 -> 0 | AL17: =+AA17+AG17 -> 336.69 | AM17: =+AB17+AH17 -> 0 | AN17: =+AD17+AJ17 -> 0 | AO17: =+AE17+AK17 -> 0
A18: AGOSTO DE 2005 | W18: 11 | X18: 401.286 | Z18: =IF(AA18=0,"N.A.",((K18*L18)+(W18*X18))/AA18) -> 11 | AA18: =+L18+X18 -> 401.286 | AC18: =IF(AD18=0,"N.A.",((E18*F18)+(Q18*R18))/AD18) -> N.A. | AD18: =+F18+R18 -> 0 | AF18: =IF(AG18=0,"N.A.",((H18*I18)+(T18*U18))/AG18) -> N.A. | AG18: =+I18+U18 -> 0 | AI18: =IF(AJ18=0,"N.A.",((B18*C18)+(N18*O18))/AJ18) -> N.A. | AJ18: =+C18+O18 -> 0 | AL18: =+AA18+AG18 -> 401.286 | AM18: =+AB18+AH18 -> 0 | AN18: =+AD18+AJ18 -> 0 | AO18: =+AE18+AK18 -> 0
... A34: DICIEMBRE DE 2006 | W34: 9 | X34: 355.106 | Z34: =IF(AA34=0,"N.A.",((K34*L34)+(W34*X34))/AA34) -> 9 | AA34: =+L34+X34 -> 355.106 | AC34: =IF(AD34=0,"N.A.",((E34*F34)+(Q34*R34))/AD34) -> N.A. | AD34: =+F34+R34 -> 0 | AF34: =IF(AG34=0,"N.A.",((H34*I34)+(T34*U34))/AG34) -> N.A. | AG34: =+I34+U34 -> 0 | AI34: =IF(AJ34=0,"N.A.",((B34*C34)+(N34*O34))/AJ34) -> N.A. | AJ34: =+C34+O34 -> 0 | AL34: =+AA34+AG34 -> 355.106 | AM34: =+AB34+AH34 -> 0 | AN34: =+AD34+AJ34 -> 0 | AO34: =+AE34+AK34 -> 0
A35: ENERO DE 2007 | N35: 12.68 | O35: 8.371 | W35: 9 | X35: 9.814 | Z35: =IF(AA35=0,"N.A.",((K35*L35)+(W35*X35))/AA35) -> 9 | AA35: =+L35+X35 -> 9.814 | AC35: =IF(AD35=0,"N.A.",((E35*F35)+(Q35*R35))/AD35) -> N.A. | AD35: =+F35+R35 -> 0 | AF35: =IF(AG35=0,"N.A.",((H35*I35)+(T35*U35))/AG35) -> N.A. | AG35: =+I35+U35 -> 0 | AI35: =IF(AJ35=0,"N.A.",((B35*C35)+(N35*O35))/AJ35) -> 12.68 | AJ35: =+C35+O35 -> 8.371 | AL35: =+AA35+AG35 -> 9.814 | AM35: =+AB35+AH35 -> 0 | AN35: =+AD35+AJ35 -> 8.371 | AO35: =+AE35+AK35 -> 0
A36: FEBRERO DE 2007 | N36: 12.68 | O36: 109.871 | W36: 9 | X36: 351.16 | Z36: =IF(AA36=0,"N.A.",((K36*L36)+(W36*X36))/AA36) -> 9 | AA36: =+L36+X36 -> 351.16 | AC36: =IF(AD36=0,"N.A.",((E36*F36)+(Q36*R36))/AD36) -> N.A. | AD36: =+F36+R36 -> 0 | AF36: =IF(AG36=0,"N.A.",((H36*I36)+(T36*U36))/AG36) -> N.A. | AG36: =+I36+U36 -> 0 | AI36: =IF(AJ36=0,"N.A.",((B36*C36)+(N36*O36))/AJ36) -> 12.68 | AJ36: =+C36+O36 -> 109.871 | AL36: =+AA36+AG36 -> 351.16 | AM36: =+AB36+AH36 -> 0 | AN36: =+AD36+AJ36 -> 109.871 | AO36: =+AE36+AK36 -> 0
A37: MARZO DE 2007 | N37: 12.68 | O37: 27.471 | W37: 9 | X37: 891.921 | Z37: =IF(AA37=0,"N.A.",((K37*L37)+(W37*X37))/AA37) -> 9 | AA37: =+L37+X37 -> 891.921 | AC37: =IF(AD37=0,"N.A.",((E37*F37)+(Q37*R37))/AD37) -> N.A. | AD37: =+F37+R37 -> 0 | AF37: =IF(AG37=0,"N.A.",((H37*I37)+(T37*U37))/AG37) -> N.A. | AG37: =+I37+U37 -> 0 | AI37: =IF(AJ37=0,"N.A.",((B37*C37)+(N37*O37))/AJ37) -> 12.68 | AJ37: =+C37+O37 -> 27.471 | AL37: =+AA37+AG37 -> 891.921 | AM37: =+AB37+AH37 -> 0 | AN37: =+AD37+AJ37 -> 27.471 | AO37: =+AE37+AK37 -> 0
A38: ABRIL DE 2007 | N38: 12.68 | O38: 13.593 | W38: 9 | X38: 82.729 | Z38: =IF(AA38=0,"N.A.",((K38*L38)+(W38*X38))/AA38) -> 9 | AA38: =+L38+X38 -> 82.729 | AC38: =IF(AD38=0,"N.A.",((E38*F38)+(Q38*R38))/AD38) -> N.A. | AD38: =+F38+R38 -> 0 | AF38: =IF(AG38=0,"N.A.",((H38*I38)+(T38*U38))/AG38) -> N.A. | AG38: =+I38+U38 -> 0 | AI38: =IF(AJ38=0,"N.A.",((B38*C38)+(N38*O38))/AJ38) -> 12.68 | AJ38: =+C38+O38 -> 13.593 | AL38: =+AA38+AG38 -> 82.729 | AM38: =+AB38+AH38 -> 0 | AN38: =+AD38+AJ38 -> 13.593 | AO38: =+AE38+AK38 -> 0
A39: MAYO DE 2007 | N39: 12.68 | O39: 14.476 | W39: 9 | X39: 148.171 | Z39: =IF(AA39=0,"N.A.",((K39*L39)+(W39*X39))/AA39) -> 9 | AA39: =+L39+X39 -> 148.171 | AC39: =IF(AD39=0,"N.A.",((E39*F39)+(Q39*R39))/AD39) -> N.A. | AD39: =+F39+R39 -> 0 | AF39: =IF(AG39=0,"N.A.",((H39*I39)+(T39*U39))/AG39) -> N.A. | AG39: =+I39+U39 -> 0 | AI39: =IF(AJ39=0,"N.A.",((B39*C39)+(N39*O39))/AJ39) -> 12.68 | AJ39: =+C39+O39 -> 14.476 | AL39: =+AA39+AG39 -> 148.171 | AM39: =+AB39+AH39 -> 0 | AN39: =+AD39+AJ39 -> 14.476 | AO39: =+AE39+AK39 -> 0
A40: JUNIO DE 2007 | N40: 15.28 | O40: 667.28 | W40: 9 | X40: 579.851 | Z40: =IF(AA40=0,"N.A.",((K40*L40)+(W40*X40))/AA40) -> 9 | AA40: =+L40+X40 -> 579.851 | AC40: =IF(AD40=0,"N.A.",((E40*F40)+(Q40*R40))/AD40) -> N.A. | AD40: =+F40+R40 -> 0 | AF40: =IF(AG40=0,"N.A.",((H40*I40)+(T40*U40))/AG40) -> N.A. | AG40: =+I40+U40 -> 0 | AI40: =IF(AJ40=0,"N.A.",((B40*C40)+(N40*O40))/AJ40) -> 15.28 | AJ40: =+C40+O40 -> 667.28 | AL40: =+AA40+AG40 -> 579.851 | AM40: =+AB40+AH40 -> 0 | AN40: =+AD40+AJ40 -> 667.28 | AO40: =+AE40+AK40 -> 0
A41: JULIO DE 2007 | N41: 18.15 | O41: 97.142 | W41: 9 | X41: 566.425 | Z41: =IF(AA41=0,"N.A.",((K41*L41)+(W41*X41))/AA41) -> 9 | AA41: =+L41+X41 -> 566.425 | AC41: =IF(AD41=0,"N.A.",((E41*F41)+(Q41*R41))/AD41) -> N.A. | AD41: =+F41+R41 -> 0 | AF41: =IF(AG41=0,"N.A.",((H41*I41)+(T41*U41))/AG41) -> N.A. | AG41: =+I41+U41 -> 0 | AI41: =IF(AJ41=0,"N.A.",((B41*C41)+(N41*O41))/AJ41) -> 18.15 | AJ41: =+C41+O41 -> 97.142 | AL41: =+AA41+AG41 -> 566.425 | AM41: =+AB41+AH41 -> 0 | AN41: =+AD41+AJ41 -> 97.142 | AO41: =+AE41+AK41 -> 0
A42: AGOSTO DE 2007 | N42: 14.69 | O42: 42.241 | W42: 9 | X42: 60.081 | Z42: =IF(AA42=0,"N.A.",((K42*L42)+(W42*X42))/AA42) -> 9 | AA42: =+L42+X42 -> 60.081 | AC42: =IF(AD42=0,"N.A.",((E42*F42)+(Q42*R42))/AD42) -> N.A. | AD42: =+F42+R42 -> 0 | AF42: =IF(AG42=0,"N.A.",((H42*I42)+(T42*U42))/AG42) -> N.A. | AG42: =+I42+U42 -> 0 | AI42: =IF(AJ42=0,"N.A.",((B42*C42)+(N42*O42))/AJ42) -> 14.69 | AJ42: =+C42+O42 -> 42.241 | AL42: =+AA42+AG42 -> 60.081 | AM42: =+AB42+AH42 -> 0 | AN42: =+AD42+AJ42 -> 42.241 | AO42: =+AE42+AK42 -> 0
A43: SEPTIEMBRE DE 2007 | O43: 0 | W43: 9 | X43: 153.529 | Z43: =IF(AA43=0,"N.A.",((K43*L43)+(W43*X43))/AA43) -> 9 | AA43: =+L43+X43 -> 153.529 | AC43: =IF(AD43=0,"N.A.",((E43*F43)+(Q43*R43))/AD43) -> N.A. | AD43: =+F43+R43 -> 0 | AF43: =IF(AG43=0,"N.A.",((H43*I43)+(T43*U43))/AG43) -> N.A. | AG43: =+I43+U43 -> 0 | AI43: =IF(AJ43=0,"N.A.",((B43*C43)+(N43*O43))/AJ43) -> N.A. | AJ43: =+C43+O43 -> 0 | AL43: =+AA43+AG43 -> 153.529 | AM43: =+AB43+AH43 -> 0 | AN43: =+AD43+AJ43 -> 0 | AO43: =+AE43+AK43 -> 0
A44: OCTUBRE DE 2007 | N44: 15.33 | O44: 60.691 | W44: 9 | X44: 93.384 | Z44: =IF(AA44=0,"N.A.",((K44*L44)+(W44*X44))/AA44) -> 9 | AA44: =+L44+X44 -> 93.384 | AC44: =IF(AD44=0,"N.A.",((E44*F44)+(Q44*R44))/AD44) -> N.A. | AD44: =+F44+R44 -> 0 | AF44: =IF(AG44=0,"N.A.",((H44*I44)+(T44*U44))/AG44) -> N.A. | AG44: =+I44+U44 -> 0 | AI44: =IF(AJ44=0,"N.A.",((B44*C44)+(N44*O44))/AJ44) -> 15.33 | AJ44: =+C44+O44 -> 60.691 | AL44: =+AA44+AG44 -> 93.384 | AM44: =+AB44+AH44 -> 0 | AN44: =+AD44+AJ44 -> 60.691 | AO44: =+AE44+AK44 -> 0
A45: NOVIEMBRE DE 2007 | W45: 9 | X45: 9.28 | Z45: =IF(AA45=0,"N.A.",((K45*L45)+(W45*X45))/AA45) -> 9 | AA45: =+L45+X45 -> 9.28 | AC45: =IF(AD45=0,"N.A.",((E45*F45)+(Q45*R45))/AD45) -> N.A. | AD45: =+F45+R45 -> 0 | AF45: =IF(AG45=0,"N.A.",((H45*I45)+(T45*U45))/AG45) -> N.A. | AG45: =+I45+U45 -> 0 | AI45: =IF(AJ45=0,"N.A.",((B45*C45)+(N45*O45))/AJ45) -> N.A. | AJ45: =+C45+O45 -> 0 | AL45: =+AA45+AG45 -> 9.28 | AM45: =+AB45+AH45 -> 0 | AN45: =+AD45+AJ45 -> 0 | AO45: =+AE45+AK45 -> 0
A46: DICIEMBRE DE 2007 | X46: 0 | Z46: =IF(AA46=0,"N.A.",((K46*L46)+(W46*X46))/AA46) -> N.A. | AA46: =+L46+X46 -> 0 | AC46: =IF(AD46=0,"N.A.",((E46*F46)+(Q46*R46))/AD46) -> N.A. | AD46: =+F46+R46 -> 0 | AF46: =IF(AG46=0,"N.A.",((H46*I46)+(T46*U46))/AG46) -> N.A. | AG46: =+I46+U46 -> 0 | AI46: =IF(AJ46=0,"N.A.",((B46*C46)+(N46*O46))/AJ46) -> N.A. | AJ46: =+C46+O46 -> 0 | AL46: =+AA46+AG46 -> 0 | AM46: =+AB46+AH46 -> 0 | AN46: =+AD46+AJ46 -> 0 | AO46: =+AE46+AK46 -> 0
A47: ENERO DE 2008 | X47: 0 | Z47: =IF(AA47=0,"N.A.",((K47*L47)+(W47*X47))/AA47) -> N.A. | AA47: =+L47+X47 -> 0 | AC47: =IF(AD47=0,"N.A.",((E47*F47)+(Q47*R47))/AD47) -> N.A. | AD47: =+F47+R47 -> 0 | AF47: =IF(AG47=0,"N.A.",((H47*I47)+(T47*U47))/AG47) -> N.A. | AG47: =+I47+U47 -> 0 | AI47: =IF(AJ47=0,"N.A.",((B47*C47)+(N47*O47))/AJ47) -> N.A. | AJ47: =+C47+O47 -> 0 | AL47: =+AA47+AG47 -> 0 | AM47: =+AB47+AH47 -> 0 | AN47: =+AD47+AJ47 -> 0 | AO47: =+AE47+AK47 -> 0
A48: FEBRERO DE 2008 | X48: 0 | Z48: =IF(AA48=0,"N.A.",((K48*L48)+(W48*X48))/AA48) -> N.A. | AA48: =+L48+X48 -> 0 | AC48: =IF(AD48=0,"N.A.",((E48*F48)+(Q48*R48))/AD48) -> N.A. | AD48: =+F48+R48 -> 0 | AF48: =IF(AG48=0,"N.A.",((H48*I48)+(T48*U48))/AG48) -> N.A. | AG48: =+I48+U48 -> 0 | AI48: =IF(AJ48=0,"N.A.",((B48*C48)+(N48*O48))/AJ48) -> N.A. | AJ48: =+C48+O48 -> 0 | AL48: =+AA48+AG48 -> 0 | AM48: =+AB48+AH48 -> 0 | AN48: =+AD48+AJ48 -> 0 | AO48: =+AE48+AK48 -> 0
A49: MARZO DE 2008 | W49: 9 | X49: 301.438 | Z49: =IF(AA49=0,"N.A.",((K49*L49)+(W49*X49))/AA49) -> 9 | AA49: =+L49+X49 -> 301.438 | AC49: =IF(AD49=0,"N.A.",((E49*F49)+(Q49*R49))/AD49) -> N.A. | AD49: =+F49+R49 -> 0 | AF49: =IF(AG49=0,"N.A.",((H49*I49)+(T49*U49))/AG49) -> N.A. | AG49: =+I49+U49 -> 0 | AI49: =IF(AJ49=0,"N.A.",((B49*C49)+(N49*O49))/AJ49) -> N.A. | AJ49: =+C49+O49 -> 0 | AL49: =+AA49+AG49 -> 301.438 | AM49: =+AB49+AH49 -> 0 | AN49: =+AD49+AJ49 -> 0 | AO49: =+AE49+AK49 -> 0
A50: ABRIL DE 2008 | Q50: 9 | R50: 228.993 | W50: 9 | X50: 706.569 | Z50: =IF(AA50=0,"N.A.",((K50*L50)+(W50*X50))/AA50) -> 9 | AA50: =+L50+X50 -> 706.569 | AC50: =IF(AD50=0,"N.A.",((E50*F50)+(Q50*R50))/AD50) -> 9 | AD50: =+F50+R50 -> 228.993 | AF50: =IF(AG50=0,"N.A.",((H50*I50)+(T50*U50))/AG50) -> N.A. | AG50: =+I50+U50 -> 0 | AI50: =IF(AJ50=0,"N.A.",((B50*C50)+(N50*O50))/AJ50) -> N.A. | AJ50: =+C50+O50 -> 0 | AL50: =+AA50+AG50 -> 706.569 | AM50: =+AB50+AH50 -> 0 | AN50: =+AD50+AJ50 -> 228.993 | AO50: =+AE50+AK50 -> 0
A51: MAYO DE 2008 | N51: 14 | O51: 103.83 | Q51: 9 | R51: 105 | W51: 9 | X51: 87.015 | Z51: =IF(AA51=0,"N.A.",((K51*L51)+(W51*X51))/AA51) -> 9 | AA51: =+L51+X51 -> 87.015 | AC51: =IF(AD51=0,"N.A.",((E51*F51)+(Q51*R51))/AD51) -> 9 | AD51: =+F51+R51 -> 105 | AF51: =IF(AG51=0,"N.A.",((H51*I51)+(T51*U51))/AG51) -> N.A. | AG51: =+I51+U51 -> 0 | AI51: =IF(AJ51=0,"N.A.",((B51*C51)+(N51*O51))/AJ51) -> 14 | AJ51: =+C51+O51 -> 103.83 | AL51: =+AA51+AG51 -> 87.015 | AM51: =+AB51+AH51 -> 0 | AN51: =+AD51+AJ51 -> 208.83 | AO51: =+AE51+AK51 -> 0
A52: JUNIO DE 2008 | O52: 0 | R52: 0 | W52: 9 | X52: 41.715 | Z52: =IF(AA52=0,"N.A.",((K52*L52)+(W52*X52))/AA52) -> 9 | AA52: =+L52+X52 -> 41.715 | AC52: =IF(AD52=0,"N.A.",((E52*F52)+(Q52*R52))/AD52) -> N.A. | AD52: =+F52+R52 -> 0 | AF52: =IF(AG52=0,"N.A.",((H52*I52)+(T52*U52))/AG52) -> N.A. | AG52: =+I52+U52 -> 0 | AI52: =IF(AJ52=0,"N.A.",((B52*C52)+(N52*O52))/AJ52) -> N.A. | AJ52: =+C52+O52 -> 0 | AL52: =+AA52+AG52 -> 41.715 | AM52: =+AB52+AH52 -> 0 | AN52: =+AD52+AJ52 -> 0 | AO52: =+AE52+AK52 -> 0
A53: JULIO DE 2008 | N53: 14 | O53: 155.011 | Q53: 9 | R53: 100.1 | W53: 9 | X53: 92.835 | Z53: =IF(AA53=0,"N.A.",((K53*L53)+(W53*X53))/AA53) -> 9 | AA53: =+L53+X53 -> 92.835 | AC53: =IF(AD53=0,"N.A.",((E53*F53)+(Q53*R53))/AD53) -> 9 | AD53: =+F53+R53 -> 100.1 | AF53: =IF(AG53=0,"N.A.",((H53*I53)+(T53*U53))/AG53) -> N.A. | AG53: =+I53+U53 -> 0 | AI53: =IF(AJ53=0,"N.A.",((B53*C53)+(N53*O53))/AJ53) -> 14 | AJ53: =+C53+O53 -> 155.011 | AL53: =+AA53+AG53 -> 92.835 | AM53: =+AB53+AH53 -> 0 | AN53: =+AD53+AJ53 -> 255.111 | AO53: =+AE53+AK53 -> 0
A54: AGOSTO DE 2008 | N54: 17.2 | O54: 230.5 | Q54: 9 | R54: 245.5 | W54: 9 | X54: 25.2 | Z54: =IF(AA54=0,"N.A.",((K54*L54)+(W54*X54))/AA54) -> 9 | AA54: =+L54+X54 -> 25.2 | AC54: =IF(AD54=0,"N.A.",((E54*F54)+(Q54*R54))/AD54) -> 9 | AD54: =+F54+R54 -> 245.5 | AF54: =IF(AG54=0,"N.A.",((H54*I54)+(T54*U54))/AG54) -> N.A. | AG54: =+I54+U54 -> 0 | AI54: =IF(AJ54=0,"N.A.",((B54*C54)+(N54*O54))/AJ54) -> 17.2 | AJ54: =+C54+O54 -> 230.5 | AL54: =+AA54+AG54 -> 25.2 | AM54: =+AB54+AH54 -> 0 | AN54: =+AD54+AJ54 -> 476 | AO54: =+AE54+AK54 -> 0
A55: SEPTIEMBRE DE 2008 | N55: 14.35 | O55: 776.989 | Q55: 9 | R55: 84.3 | X55: 0 | Z55: =IF(AA55=0,"N.A.",((K55*L55)+(W55*X55))/AA55) -> N.A. | AA55: =+L55+X55 -> 0 | AC55: =IF(AD55=0,"N.A.",((E55*F55)+(Q55*R55))/AD55) -> 9 | AD55: =+F55+R55 -> 84.3 | AF55: =IF(AG55=0,"N.A.",((H55*I55)+(T55*U55))/AG55) -> N.A. | AG55: =+I55+U55 -> 0 | AI55: =IF(AJ55=0,"N.A.",((B55*C55)+(N55*O55))/AJ55) -> 14.35 | AJ55: =+C55+O55 -> 776.989 | AL55: =+AA55+AG55 -> 0 | AM55: =+AB55+AH55 -> 0 | AN55: =+AD55+AJ55 -> 861.289 | AO55: =+AE55+AK55 -> 0
A56: OCTUBRE DE 2008 | N56: 20.41 | O56: 149.342 | Q56: 9 | R56: 22.944 | X56: 0 | Z56: =IF(AA56=0,"N.A.",((K56*L56)+(W56*X56))/AA56) -> N.A. | AA56: =+L56+X56 -> 0 | AC56: =IF(AD56=0,"N.A.",((E56*F56)+(Q56*R56))/AD56) -> 9 | AD56: =+F56+R56 -> 22.944 | AF56: =IF(AG56=0,"N.A.",((H56*I56)+(T56*U56))/AG56) -> N.A. | AG56: =+I56+U56 -> 0 | AI56: =IF(AJ56=0,"N.A.",((B56*C56)+(N56*O56))/AJ56) -> 20.41 | AJ56: =+C56+O56 -> 149.342 | AL56: =+AA56+AG56 -> 0 | AM56: =+AB56+AH56 -> 0 | AN56: =+AD56+AJ56 -> 172.286 | AO56: =+AE56+AK56 -> 0
A57: NOVIEMBRE DE 2008 | N57: 12.76 | O57: 259.84 | X57: 0 | Z57: =IF(AA57=0,"N.A.",((K57*L57)+(W57*X57))/AA57) -> N.A. | AA57: =+L57+X57 -> 0 | AC57: =IF(AD57=0,"N.A.",((E57*F57)+(Q57*R57))/AD57) -> N.A. | AD57: =+F57+R57 -> 0 | AF57: =IF(AG57=0,"N.A.",((H57*I57)+(T57*U57))/AG57) -> N.A. | AG57: =+I57+U57 -> 0 | AI57: =IF(AJ57=0,"N.A.",((B57*C57)+(N57*O57))/AJ57) -> 12.76 | AJ57: =+C57+O57 -> 259.84 | AL57: =+AA57+AG57 -> 0 | AM57: =+AB57+AH57 -> 0 | AN57: =+AD57+AJ57 -> 259.84 | AO57: =+AE57+AK57 -> 0
A58: DICIEMBRE DE 2008 | N58: 14.653445 | O58: 409.875 | W58: 9 | X58: 22 | Z58: =IF(AA58=0,"N.A.",((K58*L58)+(W58*X58))/AA58) -> 9 | AA58: =+L58+X58 -> 22 | AC58: =IF(AD58=0,"N.A.",((E58*F58)+(Q58*R58))/AD58) -> N.A. | AD58: =+F58+R58 -> 0 | AF58: =IF(AG58=0,"N.A.",((H58*I58)+(T58*U58))/AG58) -> N.A. | AG58: =+I58+U58 -> 0 | AI58: =IF(AJ58=0,"N.A.",((B58*C58)+(N58*O58))/AJ58) -> 14.653445 | AJ58: =+C58+O58 -> 409.875 | AL58: =+AA58+AG58 -> 22 | AM58: =+AB58+AH58 -> 0 | AN58: =+AD58+AJ58 -> 409.875 | AO58: =+AE58+AK58 -> 0
A59: ENERO DE 2009 | O59: 0 | X59: 0 | Z59: =IF(AA59=0,"N.A.",((K59*L59)+(W59*X59))/AA59) -> N.A. | AA59: =+L59+X59 -> 0 | AC59: =IF(AD59=0,"N.A.",((E59*F59)+(Q59*R59))/AD59) -> N.A. | AD59: =+F59+R59 -> 0 | AF59: =IF(AG59=0,"N.A.",((H59*I59)+(T59*U59))/AG59) -> N.A. | AG59: =+I59+U59 -> 0 | AI59: =IF(AJ59=0,"N.A.",((B59*C59)+(N59*O59))/AJ59) -> N.A. | AJ59: =+C59+O59 -> 0 | AL59: =+AA59+AG59 -> 0 | AM59: =+AB59+AH59 -> 0 | AN59: =+AD59+AJ59 -> 0 | AO59: =+AE59+AK59 -> 0
A60: FEBRERO DE 2009 | N60: 16.14 | O60: 557.054 | X60: 0 | Z60: =IF(AA60=0,"N.A.",((K60*L60)+(W60*X60))/AA60) -> N.A. | AA60: =+L60+X60 -> 0 | AC60: =IF(AD60=0,"N.A.",((E60*F60)+(Q60*R60))/AD60) -> N.A. | AD60: =+F60+R60 -> 0 | AF60: =IF(AG60=0,"N.A.",((H60*I60)+(T60*U60))/AG60) -> N.A. | AG60: =+I60+U60 -> 0 | AI60: =IF(AJ60=0,"N.A.",((B60*C60)+(N60*O60))/AJ60) -> 16.14 | AJ60: =+C60+O60 -> 557.054 | AL60: =+AA60+AG60 -> 0 | AM60: =+AB60+AH60 -> 0 | AN60: =+AD60+AJ60 -> 557.054 | AO60: =+AE60+AK60 -> 0
A61: MARZO DE 2009 | N61: 14.16 | O61: 685.05 | X61: 0 | Z61: =IF(AA61=0,"N.A.",((K61*L61)+(W61*X61))/AA61) -> N.A. | AA61: =+L61+X61 -> 0 | AC61: =IF(AD61=0,"N.A.",((E61*F61)+(Q61*R61))/AD61) -> N.A. | AD61: =+F61+R61 -> 0 | AF61: =IF(AG61=0,"N.A.",((H61*I61)+(T61*U61))/AG61) -> N.A. | AG61: =+I61+U61 -> 0 | AI61: =IF(AJ61=0,"N.A.",((B61*C61)+(N61*O61))/AJ61) -> 14.16 | AJ61: =+C61+O61 -> 685.05 | AL61: =+AA61+AG61 -> 0 | AM61: =+AB61+AH61 -> 0 | AN61: =+AD61+AJ61 -> 685.05 | AO61: =+AE61+AK61 -> 0
A62: ABRIL DE 2009 | N62: 15.09 | O62: 757.696 | X62: 0 | Z62: =IF(AA62=0,"N.A.",((K62*L62)+(W62*X62))/AA62) -> N.A. | AA62: =+L62+X62 -> 0 | AC62: =IF(AD62=0,"N.A.",((E62*F62)+(Q62*R62))/AD62) -> N.A. | AD62: =+F62+R62 -> 0 | AF62: =IF(AG62=0,"N.A.",((H62*I62)+(T62*U62))/AG62) -> N.A. | AG62: =+I62+U62 -> 0 | AI62: =IF(AJ62=0,"N.A.",((B62*C62)+(N62*O62))/AJ62) -> 15.09 | AJ62: =+C62+O62 -> 757.696 | AL62: =+AA62+AG62 -> 0 | AM62: =+AB62+AH62 -> 0 | AN62: =+AD62+AJ62 -> 757.696 | AO62: =+AE62+AK62 -> 0
A63: MAYO DE 2009 | N63: 14.45 | O63: 191.149 | X63: 0 | Z63: =IF(AA63=0,"N.A.",((K63*L63)+(W63*X63))/AA63) -> N.A. | AA63: =+L63+X63 -> 0 | AC63: =IF(AD63=0,"N.A.",((E63*F63)+(Q63*R63))/AD63) -> N.A. | AD63: =+F63+R63 -> 0 | AF63: =IF(AG63=0,"N.A.",((H63*I63)+(T63*U63))/AG63) -> N.A. | AG63: =+I63+U63 -> 0 | AI63: =IF(AJ63=0,"N.A.",((B63*C63)+(N63*O63))/AJ63) -> 14.45 | AJ63: =+C63+O63 -> 191.149 | AL63: =+AA63+AG63 -> 0 | AM63: =+AB63+AH63 -> 0 | AN63: =+AD63+AJ63 -> 191.149 | AO63: =+AE63+AK63 -> 0
A64: JUNIO DE 2009 | N64: 13.99 | O64: 87.561 | X64: 0 | Z64: =IF(AA64=0,"N.A.",((K64*L64)+(W64*X64))/AA64) -> N.A. | AA64: =+L64+X64 -> 0 | AC64: =IF(AD64=0,"N.A.",((E64*F64)+(Q64*R64))/AD64) -> N.A. | AD64: =+F64+R64 -> 0 | AF64: =IF(AG64=0,"N.A.",((H64*I64)+(T64*U64))/AG64) -> N.A. | AG64: =+I64+U64 -> 0 | AI64: =IF(AJ64=0,"N.A.",((B64*C64)+(N64*O64))/AJ64) -> 13.99 | AJ64: =+C64+O64 -> 87.561 | AL64: =+AA64+AG64 -> 0 | AM64: =+AB64+AH64 -> 0 | AN64: =+AD64+AJ64 -> 87.561 | AO64: =+AE64+AK64 -> 0
A65: JULIO DE 2009 | N65: 13.69 | O65: 586.583 | X65: 0 | Z65: =IF(AA65=0,"N.A.",((K65*L65)+(W65*X65))/AA65) -> N.A. | AA65: =+L65+X65 -> 0 | AC65: =IF(AD65=0,"N.A.",((E65*F65)+(Q65*R65))/AD65) -> N.A. | AD65: =+F65+R65 -> 0 | AF65: =IF(AG65=0,"N.A.",((H65*I65)+(T65*U65))/AG65) -> N.A. | AG65: =+I65+U65 -> 0 | AI65: =IF(AJ65=0,"N.A.",((B65*C65)+(N65*O65))/AJ65) -> 13.69 | AJ65: =+C65+O65 -> 586.583 | AL65: =+AA65+AG65 -> 0 | AM65: =+AB65+AH65 -> 0 | AN65: =+AD65+AJ65 -> 586.583 | AO65: =+AE65+AK65 -> 0
A66: AGOSTO DE 2009 | N66: 15.45 | O66: 627.771 | X66: 0 | Z66: =IF(AA66=0,"N.A.",((K66*L66)+(W66*X66))/AA66) -> N.A. | AA66: =+L66+X66 -> 0 | AC66: =IF(AD66=0,"N.A.",((E66*F66)+(Q66*R66))/AD66) -> N.A. | AD66: =+F66+R66 -> 0 | AF66: =IF(AG66=0,"N.A.",((H66*I66)+(T66*U66))/AG66) -> N.A. | AG66: =+I66+U66 -> 0 | AI66: =IF(AJ66=0,"N.A.",((B66*C66)+(N66*O66))/AJ66) -> 15.45 | AJ66: =+C66+O66 -> 627.771 | AL66: =+AA66+AG66 -> 0 | AM66: =+AB66+AH66 -> 0 | AN66: =+AD66+AJ66 -> 627.771 | AO66: =+AE66+AK66 -> 0
A67: SEPTIEMBRE DE 2009 | N67: 15.38 | O67: 243.262 | X67: 0 | Z67: =IF(AA67=0,"N.A.",((K67*L67)+(W67*X67))/AA67) -> N.A. | AA67: =+L67+X67 -> 0 | AC67: =IF(AD67=0,"N.A.",((E67*F67)+(Q67*R67))/AD67) -> N.A. | AD67: =+F67+R67 -> 0 | AF67: =IF(AG67=0,"N.A.",((H67*I67)+(T67*U67))/AG67) -> N.A. | AG67: =+I67+U67 -> 0 | AI67: =IF(AJ67=0,"N.A.",((B67*C67)+(N67*O67))/AJ67) -> 15.38 | AJ67: =+C67+O67 -> 243.262 | AL67: =+AA67+AG67 -> 0 | AM67: =+AB67+AH67 -> 0 | AN67: =+AD67+AJ67 -> 243.262 | AO67: =+AE67+AK67 -> 0
A68: OCTUBRE DE 2009 | N68: 13.65 | O68: 476.304 | X68: 0 | Z68: =IF(AA68=0,"N.A.",((K68*L68)+(W68*X68))/AA68) -> N.A. | AA68: =+L68+X68 -> 0 | AC68: =IF(AD68=0,"N.A.",((E68*F68)+(Q68*R68))/AD68) -> N.A. | AD68: =+F68+R68 -> 0 | AF68: =IF(AG68=0,"N.A.",((H68*I68)+(T68*U68))/AG68) -> N.A. | AG68: =+I68+U68 -> 0 | AI68: =IF(AJ68=0,"N.A.",((B68*C68)+(N68*O68))/AJ68) -> 13.65 | AJ68: =+C68+O68 -> 476.304 | AL68: =+AA68+AG68 -> 0 | AM68: =+AB68+AH68 -> 0 | AN68: =+AD68+AJ68 -> 476.304 | AO68: =+AE68+AK68 -> 0
A69: NOVIEMBRE DE 2009 | N69: 13.99 | O69: 131.935 | X69: 0 | Z69: =IF(AA69=0,"N.A.",((K69*L69)+(W69*X69))/AA69) -> N.A. | AA69: =+L69+X69 -> 0 | AC69: =IF(AD69=0,"N.A.",((E69*F69)+(Q69*R69))/AD69) -> N.A. | AD69: =+F69+R69 -> 0 | AF69: =IF(AG69=0,"N.A.",((H69*I69)+(T69*U69))/AG69) -> N.A. | AG69: =+I69+U69 -> 0 | AI69: =IF(AJ69=0,"N.A.",((B69*C69)+(N69*O69))/AJ69) -> 13.99 | AJ69: =+C69+O69 -> 131.935 | AL69: =+AA69+AG69 -> 0 | AM69: =+AB69+AH69 -> 0 | AN69: =+AD69+AJ69 -> 131.935 | AO69: =+AE69+AK69 -> 0
A70: DICIEMBRE DE 2009 | N70: 14.25 | O70: 620.954 | X70: 0 | Z70: =IF(AA70=0,"N.A.",((K70*L70)+(W70*X70))/AA70) -> N.A. | AA70: =+L70+X70 -> 0 | AC70: =IF(AD70=0,"N.A.",((E70*F70)+(Q70*R70))/AD70) -> N.A. | AD70: =+F70+R70 -> 0 | AF70: =IF(AG70=0,"N.A.",((H70*I70)+(T70*U70))/AG70) -> N.A. | AG70: =+I70+U70 -> 0 | AI70: =IF(AJ70=0,"N.A.",((B70*C70)+(N70*O70))/AJ70) -> 14.25 | AJ70: =+C70+O70 -> 620.954 | AL70: =+AA70+AG70 -> 0 | AM70: =+AB70+AH70 -> 0 | AN70: =+AD70+AJ70 -> 620.954 | AO70: =+AE70+AK70 -> 0
A71: ENERO DE 2010 | N71: 14.24 | O71: 913.501 | X71: 0 | Z71: =IF(AA71=0,"N.A.",((K71*L71)+(W71*X71))/AA71) -> N.A. | AA71: =+L71+X71 -> 0 | AC71: =IF(AD71=0,"N.A.",((E71*F71)+(Q71*R71))/AD71) -> N.A. | AD71: =+F71+R71 -> 0 | AF71: =IF(AG71=0,"N.A.",((H71*I71)+(T71*U71))/AG71) -> N.A. | AG71: =+I71+U71 -> 0 | AI71: =IF(AJ71=0,"N.A.",((B71*C71)+(N71*O71))/AJ71) -> 14.24 | AJ71: =+C71+O71 -> 913.501 | AL71: =+AA71+AG71 -> 0 | AM71: =+AB71+AH71 -> 0 | AN71: =+AD71+AJ71 -> 913.501 | AO71: =+AE71+AK71 -> 0
... A115: SEPTIEMBRE DE 2013 | N115: 9.37 | O115: 55447.532 | X115: 0 | Z115: =IF(AA115=0,"N.A.",((K115*L115)+(W115*X115))/AA115) -> N.A. | AA115: =+L115+X115 -> 0 | AC115: =IF(AD115=0,"N.A.",((E115*F115)+(Q115*R115))/AD115) -> N.A. | AD115: =+F115+R115 -> 0 | AF115: =IF(AG115=0,"N.A.",((H115*I115)+(T115*U115))/AG115) -> N.A. | AG115: =+I115+U115 -> 0 | AI115: =IF(AJ115=0,"N.A.",((B115*C115)+(N115*O115))/AJ115) -> 9.37 | AJ115: =+C115+O115 -> 55447.532 | AL115: =+AA115+AG115 -> 0 | AM115: =+AB115+AH115 -> 0 | AN115: =+AD115+AJ115 -> 55447.532 | AO115: =+AE115+AK115 -> 0
A116: OCTUBRE DE 2013 | B116: 8.79 | C116: 9323 | N116: 9.36 | O116: 81481.718 | X116: 0 | Z116: =IF(AA116=0,"N.A.",((K116*L116)+(W116*X116))/AA116) -> N.A. | AA116: =+L116+X116 -> 0 | AC116: =IF(AD116=0,"N.A.",((E116*F116)+(Q116*R116))/AD116) -> N.A. | AD116: =+F116+R116 -> 0 | AF116: =IF(AG116=0,"N.A.",((H116*I116)+(T116*U116))/AG116) -> N.A. | AG116: =+I116+U116 -> 0 | AI116: =IF(AJ116=0,"N.A.",((B116*C116)+(N116*O116))/AJ116) -> 9.3014776 | AJ116: =+C116+O116 -> 90804.718 | AL116: =+AA116+AG116 -> 0 | AM116: =+AB116+AH116 -> 0 | AN116: =+AD116+AJ116 -> 90804.718 | AO116: =+AE116+AK116 -> 0
A117: NOVIEMBRE DE 2013 | B117: 11.3 | C117: 2258.993 | N117: 9.37 | O117: 65237.806 | X117: 0 | Z117: =IF(AA117=0,"N.A.",((K117*L117)+(W117*X117))/AA117) -> N.A. | AA117: =+L117+X117 -> 0 | AC117: =IF(AD117=0,"N.A.",((E117*F117)+(Q117*R117))/AD117) -> N.A. | AD117: =+F117+R117 -> 0 | AF117: =IF(AG117=0,"N.A.",((H117*I117)+(T117*U117))/AG117) -> N.A. | AG117: =+I117+U117 -> 0 | AI117: =IF(AJ117=0,"N.A.",((B117*C117)+(N117*O117))/AJ117) -> 9.4345935 | AJ117: =+C117+O117 -> 67496.799 | AL117: =+AA117+AG117 -> 0 | AM117: =+AB117+AH117 -> 0 | AN117: =+AD117+AJ117 -> 67496.799 | AO117: =+AE117+AK117 -> 0
A118: DICIEMBRE DE 2013 | B118: 10.13 | C118: 4147.7 | N118: 9.47 | O118: 61953.978 | X118: 0 | Z118: =IF(AA118=0,"N.A.",((K118*L118)+(W118*X118))/AA118) -> N.A. | AA118: =+L118+X118 -> 0 | AC118: =IF(AD118=0,"N.A.",((E118*F118)+(Q118*R118))/AD118) -> N.A. | AD118: =+F118+R118 -> 0 | AF118: =IF(AG118=0,"N.A.",((H118*I118)+(T118*U118))/AG118) -> N.A. | AG118: =+I118+U118 -> 0 | AI118: =IF(AJ118=0,"N.A.",((B118*C118)+(N118*O118))/AJ118) -> 9.5114132 | AJ118: =+C118+O118 -> 66101.678 | AL118: =+AA118+AG118 -> 0 | AM118: =+AB118+AH118 -> 0 | AN118: =+AD118+AJ118 -> 66101.678 | AO118: =+AE118+AK118 -> 0
A119: ENERO DE 2014 | B119: 10.02 | C119: 6641.6 | N119: 9.54 | O119: 84143.251 | X119: 0 | Z119: =IF(AA119=0,"N.A.",((K119*L119)+(W119*X119))/AA119) -> N.A. | AA119: =+L119+X119 -> 0 | AC119: =IF(AD119=0,"N.A.",((E119*F119)+(Q119*R119))/AD119) -> N.A. | AD119: =+F119+R119 -> 0 | AF119: =IF(AG119=0,"N.A.",((H119*I119)+(T119*U119))/AG119) -> N.A. | AG119: =+I119+U119 -> 0 | AI119: =IF(AJ119=0,"N.A.",((B119*C119)+(N119*O119))/AJ119) -> 9.5751156 | AJ119: =+C119+O119 -> 90784.851 | AL119: =+AA119+AG119 -> 0 | AM119: =+AB119+AH119 -> 0 | AN119: =+AD119+AJ119 -> 90784.851 | AO119: =+AE119+AK119 -> 0
A120: FEBRERO DE 2014 | B120: 9.23 | C120: 5826 | N120: 9.73 | O120: 61298.802 | X120: 0 | Z120: =IF(AA120=0,"N.A.",((K120*L120)+(W120*X120))/AA120) -> N.A. | AA120: =+L120+X120 -> 0 | AC120: =IF(AD120=0,"N.A.",((E120*F120)+(Q120*R120))/AD120) -> N.A. | AD120: =+F120+R120 -> 0 | AF120: =IF(AG120=0,"N.A.",((H120*I120)+(T120*U120))/AG120) -> N.A. | AG120: =+I120+U120 -> 0 | AI120: =IF(AJ120=0,"N.A.",((B120*C120)+(N120*O120))/AJ120) -> 9.6866032 | AJ120: =+C120+O120 -> 67124.802 | AL120: =+AA120+AG120 -> 0 | AM120: =+AB120+AH120 -> 0 | AN120: =+AD120+AJ120 -> 67124.802 | AO120: =+AE120+AK120 -> 0
A121: MARZO DE 2014 | B121: 9.37 | C121: 4439 | N121: 9.83 | O121: 43300.106 | X121: 0 | Z121: =IF(AA121=0,"N.A.",((K121*L121)+(W121*X121))/AA121) -> N.A. | AA121: =+L121+X121 -> 0 | AC121: =IF(AD121=0,"N.A.",((E121*F121)+(Q121*R121))/AD121) -> N.A. | AD121: =+F121+R121 -> 0 | AF121: =IF(AG121=0,"N.A.",((H121*I121)+(T121*U121))/AG121) -> N.A. | AG121: =+I121+U121 -> 0 | AI121: =IF(AJ121=0,"N.A.",((B121*C121)+(N121*O121))/AJ121) -> 9.7872271 | AJ121: =+C121+O121 -> 47739.106 | AL121: =+AA121+AG121 -> 0 | AM121: =+AB121+AH121 -> 0 | AN121: =+AD121+AJ121 -> 47739.106 | AO121: =+AE121+AK121 -> 0
A122: ABRIL DE 2014 | B122: 9.35 | C122: 8240.331 | N122: 9.96 | O122: 63222.541 | X122: 0 | Z122: =IF(AA122=0,"N.A.",((K122*L122)+(W122*X122))/AA122) -> N.A. | AA122: =+L122+X122 -> 0 | AC122: =IF(AD122=0,"N.A.",((E122*F122)+(Q122*R122))/AD122) -> N.A. | AD122: =+F122+R122 -> 0 | AF122: =IF(AG122=0,"N.A.",((H122*I122)+(T122*U122))/AG122) -> N.A. | AG122: =+I122+U122 -> 0 | AI122: =IF(AJ122=0,"N.A.",((B122*C122)+(N122*O122))/AJ122) -> 9.8896614 | AJ122: =+C122+O122 -> 71462.872 | AL122: =+AA122+AG122 -> 0 | AM122: =+AB122+AH122 -> 0 | AN122: =+AD122+AJ122 -> 71462.872 | AO122: =+AE122+AK122 -> 0
A123: MAYO DE 2014 | B123: 8.84 | C123: 13761.816 | N123: 10.05 | O123: 44654.708 | X123: 0 | Z123: =IF(AA123=0,"N.A.",((K123*L123)+(W123*X123))/AA123) -> N.A. | AA123: =+L123+X123 -> 0 | AC123: =IF(AD123=0,"N.A.",((E123*F123)+(Q123*R123))/AD123) -> N.A. | AD123: =+F123+R123 -> 0 | AF123: =IF(AG123=0,"N.A.",((H123*I123)+(T123*U123))/AG123) -> N.A. | AG123: =+I123+U123 -> 0 | AI123: =IF(AJ123=0,"N.A.",((B123*C123)+(N123*O123))/AJ123) -> 9.7649471 | AJ123: =+C123+O123 -> 58416.524 | AL123: =+AA123+AG123 -> 0 | AM123: =+AB123+AH123 -> 0 | AN123: =+AD123+AJ123 -> 58416.524 | AO123: =+AE123+AK123 -> 0
A124: JUNIO DE 2014 | B124: 11 | C124: 13478.197 | N124: 10.27 | O124: 48385.484 | X124: 0 | Z124: =IF(AA124=0,"N.A.",((K124*L124)+(W124*X124))/AA124) -> N.A. | AA124: =+L124+X124 -> 0 | AC124: =IF(AD124=0,"N.A.",((E124*F124)+(Q124*R124))/AD124) -> N.A. | AD124: =+F124+R124 -> 0 | AF124: =IF(AG124=0,"N.A.",((H124*I124)+(T124*U124))/AG124) -> N.A. | AG124: =+I124+U124 -> 0 | AI124: =IF(AJ124=0,"N.A.",((B124*C124)+(N124*O124))/AJ124) -> 10.429045 | AJ124: =+C124+O124 -> 61863.681 | AL124: =+AA124+AG124 -> 0 | AM124: =+AB124+AH124 -> 0 | AN124: =+AD124+AJ124 -> 61863.681 | AO124: =+AE124+AK124 -> 0
A125: JULIO DE 2014 | B125: 10.56 | C125: 16912.943 | N125: 10.3 | O125: 48336.866 | X125: 0 | Z125: =IF(AA125=0,"N.A.",((K125*L125)+(W125*X125))/AA125) -> N.A. | AA125: =+L125+X125 -> 0 | AC125: =IF(AD125=0,"N.A.",((E125*F125)+(Q125*R125))/AD125) -> N.A. | AD125: =+F125+R125 -> 0 | AF125: =IF(AG125=0,"N.A.",((H125*I125)+(T125*U125))/AG125) -> N.A. | AG125: =+I125+U125 -> 0 | AI125: =IF(AJ125=0,"N.A.",((B125*C125)+(N125*O125))/AJ125) -> 10.367393 | AJ125: =+C125+O125 -> 65249.809 | AL125: =+AA125+AG125 -> 0 | AM125: =+AB125+AH125 -> 0 | AN125: =+AD125+AJ125 -> 65249.809 | AO125: =+AE125+AK125 -> 0
A126: AGOSTO DE 2014 | B126: 8.54 | C126: 27574.806 | N126: 10.25 | O126: 44743.983 | X126: 0 | Z126: =IF(AA126=0,"N.A.",((K126*L126)+(W126*X126))/AA126) -> N.A. | AA126: =+L126+X126 -> 0 | AC126: =IF(AD126=0,"N.A.",((E126*F126)+(Q126*R126))/AD126) -> N.A. | AD126: =+F126+R126 -> 0 | AF126: =IF(AG126=0,"N.A.",((H126*I126)+(T126*U126))/AG126) -> N.A. | AG126: =+I126+U126 -> 0 | AI126: =IF(AJ126=0,"N.A.",((B126*C126)+(N126*O126))/AJ126) -> 9.5979852 | AJ126: =+C126+O126 -> 72318.789 | AL126: =+AA126+AG126 -> 0 | AM126: =+AB126+AH126 -> 0 | AN126: =+AD126+AJ126 -> 72318.789 | AO126: =+AE126+AK126 -> 0
A127: SEPTIEMBRE DE 2014 | B127: 9.31 | C127: 11395.482 | N127: 10.37 | O127: 39870.095 | X127: 0 | Z127: =IF(AA127=0,"N.A.",((K127*L127)+(W127*X127))/AA127) -> N.A. | AA127: =+L127+X127 -> 0 | AC127: =IF(AD127=0,"N.A.",((E127*F127)+(Q127*R127))/AD127) -> N.A. | AD127: =+F127+R127 -> 0 | AF127: =IF(AG127=0,"N.A.",((H127*I127)+(T127*U127))/AG127) -> N.A. | AG127: =+I127+U127 -> 0 | AI127: =IF(AJ127=0,"N.A.",((B127*C127)+(N127*O127))/AJ127) -> 10.13438 | AJ127: =+C127+O127 -> 51265.577 | AL127: =+AA127+AG127 -> 0 | AM127: =+AB127+AH127 -> 0 | AN127: =+AD127+AJ127 -> 51265.577 | AO127: =+AE127+AK127 -> 0
... A133: MARZO DE 2015 | B133: 8.59 | C133: 37494.964 | N133: 10.56 | O133: 48417.609 | X133: 0 | Z133: =IF(AA133=0,"N.A.",((K133*L133)+(W133*X133))/AA133) -> N.A. | AA133: =+L133+X133 -> 0 | AC133: =IF(AD133=0,"N.A.",((E133*F133)+(Q133*R133))/AD133) -> N.A. | AD133: =+F133+R133 -> 0 | AF133: =IF(AG133=0,"N.A.",((H133*I133)+(T133*U133))/AG133) -> N.A. | AG133: =+I133+U133 -> 0 | AI133: =IF(AJ133=0,"N.A.",((B133*C133)+(N133*O133))/AJ133) -> 9.7002297 | AJ133: =+C133+O133 -> 85912.573 | AL133: =+AA133+AG133 -> 0 | AM133: =+AB133+AH133 -> 0 | AN133: =+AD133+AJ133 -> 85912.573 | AO133: =+AE133+AK133 -> 0
A134: ABRIL DE 2015 | B134: 8.26 | C134: 41265.366 | N134: 10.47 | O134: 69593.56 | T134: 11.47 | U134: 5166.07 | X134: 0 | Z134: =IF(AA134=0,"N.A.",((K134*L134)+(W134*X134))/AA134) -> N.A. | AA134: =+L134+X134 -> 0 | AC134: =IF(AD134=0,"N.A.",((E134*F134)+(Q134*R134))/AD134) -> N.A. | AD134: =+F134+R134 -> 0 | AF134: =IF(AG134=0,"N.A.",((H134*I134)+(T134*U134))/AG134) -> 11.47 | AG134: =+I134+U134 -> 5166.07 | AI134: =IF(AJ134=0,"N.A.",((B134*C134)+(N134*O134))/AJ134) -> 9.6473648 | AJ134: =+C134+O134 -> 110858.93 | AL134: =+AA134+AG134 -> 5166.07 | AM134: =+AB134+AH134 -> 0 | AN134: =+AD134+AJ134 -> 110858.93 | AO134: =+AE134+AK134 -> 0
A135: MAYO DE 2015 | B135: 8.56 | C135: 47701.843 | N135: 10.3 | O135: 59899.342 | T135: 11.56 | U135: 2526.919 | X135: 0 | Z135: =IF(AA135=0,"N.A.",((K135*L135)+(W135*X135))/AA135) -> N.A. | AA135: =+L135+X135 -> 0 | AC135: =IF(AD135=0,"N.A.",((E135*F135)+(Q135*R135))/AD135) -> N.A. | AD135: =+F135+R135 -> 0 | AF135: =IF(AG135=0,"N.A.",((H135*I135)+(T135*U135))/AG135) -> 11.56 | AG135: =+I135+U135 -> 2526.919 | AI135: =IF(AJ135=0,"N.A.",((B135*C135)+(N135*O135))/AJ135) -> 9.5286218 | AJ135: =+C135+O135 -> 107601.18 | AL135: =+AA135+AG135 -> 2526.919 | AM135: =+AB135+AH135 -> 0 | AN135: =+AD135+AJ135 -> 107601.18 | AO135: =+AE135+AK135 -> 0
A136: JUNIO DE 2015 | B136: 9.48 | C136: 29810.784 | N136: 10.29 | O136: 54273.694 | T136: 11.8 | U136: 1408.539 | X136: 0 | Z136: =IF(AA136=0,"N.A.",((K136*L136)+(W136*X136))/AA136) -> N.A. | AA136: =+L136+X136 -> 0 | AC136: =IF(AD136=0,"N.A.",((E136*F136)+(Q136*R136))/AD136) -> N.A. | AD136: =+F136+R136 -> 0 | AF136: =IF(AG136=0,"N.A.",((H136*I136)+(T136*U136))/AG136) -> 11.8 | AG136: =+I136+U136 -> 1408.539 | AI136: =IF(AJ136=0,"N.A.",((B136*C136)+(N136*O136))/AJ136) -> 10.002828 | AJ136: =+C136+O136 -> 84084.478 | AL136: =+AA136+AG136 -> 1408.539 | AM136: =+AB136+AH136 -> 0 | AN136: =+AD136+AJ136 -> 84084.478 | AO136: =+AE136+AK136 -> 0
A137: JULIO DE 2015 | B137: 8.97 | C137: 55481.629 | N137: 10.22 | O137: 74815.205 | T137: 11.78 | U137: 2865.916 | X137: 0 | Z137: =IF(AA137=0,"N.A.",((K137*L137)+(W137*X137))/AA137) -> N.A. | AA137: =+L137+X137 -> 0 | AC137: =IF(AD137=0,"N.A.",((E137*F137)+(Q137*R137))/AD137) -> N.A. | AD137: =+F137+R137 -> 0 | AF137: =IF(AG137=0,"N.A.",((H137*I137)+(T137*U137))/AG137) -> 11.78 | AG137: =+I137+U137 -> 2865.916 | AI137: =IF(AJ137=0,"N.A.",((B137*C137)+(N137*O137))/AJ137) -> 9.6877381 | AJ137: =+C137+O137 -> 130296.83 | AL137: =+AA137+AG137 -> 2865.916 | AM137: =+AB137+AH137 -> 0 | AN137: =+AD137+AJ137 -> 130296.83 | AO137: =+AE137+AK137 -> 0
A138: AGOSTO DE 2015 | B138: 9.38 | C138: 33007.91 | N138: 10.29 | O138: 53674.685 | T138: 11.87 | U138: 1525.109 | X138: 0 | Z138: =IF(AA138=0,"N.A.",((K138*L138)+(W138*X138))/AA138) -> N.A. | AA138: =+L138+X138 -> 0 | AC138: =IF(AD138=0,"N.A.",((E138*F138)+(Q138*R138))/AD138) -> N.A. | AD138: =+F138+R138 -> 0 | AF138: =IF(AG138=0,"N.A.",((H138*I138)+(T138*U138))/AG138) -> 11.87 | AG138: =+I138+U138 -> 1525.109 | AI138: =IF(AJ138=0,"N.A.",((B138*C138)+(N138*O138))/AJ138) -> 9.9434806 | AJ138: =+C138+O138 -> 86682.595 | AL138: =+AA138+AG138 -> 1525.109 | AM138: =+AB138+AH138 -> 0 | AN138: =+AD138+AJ138 -> 86682.595 | AO138: =+AE138+AK138 -> 0
A139: SEPTIEMBRE DE 2015 | B139: 9.14 | C139: 46876.249 | N139: 10.35 | O139: 79121.121 | T139: 11.8 | U139: 2975.781 | X139: 0 | Z139: =IF(AA139=0,"N.A.",((K139*L139)+(W139*X139))/AA139) -> N.A. | AA139: =+L139+X139 -> 0 | AC139: =IF(AD139=0,"N.A.",((E139*F139)+(Q139*R139))/AD139) -> N.A. | AD139: =+F139+R139 -> 0 | AF139: =IF(AG139=0,"N.A.",((H139*I139)+(T139*U139))/AG139) -> 11.8 | AG139: =+I139+U139 -> 2975.781 | AI139: =IF(AJ139=0,"N.A.",((B139*C139)+(N139*O139))/AJ139) -> 9.8998298 | AJ139: =+C139+O139 -> 125997.37 | AL139: =+AA139+AG139 -> 2975.781 | AM139: =+AB139+AH139 -> 0 | AN139: =+AD139+AJ139 -> 125997.37 | AO139: =+AE139+AK139 -> 0
A140: OCTUBRE DE 2015 | B140: 9.68 | C140: 39734.151 | N140: 10.33 | O140: 53507.224 | T140: 11.86 | U140: 3104.692 | X140: 0 | Z140: =IF(AA140=0,"N.A.",((K140*L140)+(W140*X140))/AA140) -> N.A. | AA140: =+L140+X140 -> 0 | AC140: =IF(AD140=0,"N.A.",((E140*F140)+(Q140*R140))/AD140) -> N.A. | AD140: =+F140+R140 -> 0 | AF140: =IF(AG140=0,"N.A.",((H140*I140)+(T140*U140))/AG140) -> 11.86 | AG140: =+I140+U140 -> 3104.692 | AI140: =IF(AJ140=0,"N.A.",((B140*C140)+(N140*O140))/AJ140) -> 10.053007 | AJ140: =+C140+O140 -> 93241.375 | AL140: =+AA140+AG140 -> 3104.692 | AM140: =+AB140+AH140 -> 0 | AN140: =+AD140+AJ140 -> 93241.375 | AO140: =+AE140+AK140 -> 0
A141: NOVIEMBRE DE 2015 | B141: 10.33 | C141: 37296.594 | N141: 10.35 | O141: 48368.6 | T141: 11.82 | U141: 3225.225 | X141: 0 | Z141: =IF(AA141=0,"N.A.",((K141*L141)+(W141*X141))/AA141) -> N.A. | AA141: =+L141+X141 -> 0 | AC141: =IF(AD141=0,"N.A.",((E141*F141)+(Q141*R141))/AD141) -> N.A. | AD141: =+F141+R141 -> 0 | AF141: =IF(AG141=0,"N.A.",((H141*I141)+(T141*U141))/AG141) -> 11.82 | AG141: =+I141+U141 -> 3225.225 | AI141: =IF(AJ141=0,"N.A.",((B141*C141)+(N141*O141))/AJ141) -> 10.341292 | AJ141: =+C141+O141 -> 85665.194 | AL141: =+AA141+AG141 -> 3225.225 | AM141: =+AB141+AH141 -> 0 | AN141: =+AD141+AJ141 -> 85665.194 | AO141: =+AE141+AK141 -> 0
A142: DICIEMBRE DE 2015 | N142: 10.54 | O142: 78692.248 | T142: 11.8 | U142: 3518.705 | X142: 0 | Z142: =IF(AA142=0,"N.A.",((K142*L142)+(W142*X142))/AA142) -> N.A. | AA142: =+L142+X142 -> 0 | AC142: =IF(AD142=0,"N.A.",((E142*F142)+(Q142*R142))/AD142) -> N.A. | AD142: =+F142+R142 -> 0 | AF142: =IF(AG142=0,"N.A.",((H142*I142)+(T142*U142))/AG142) -> 11.8 | AG142: =+I142+U142 -> 3518.705 | AI142: =IF(AJ142=0,"N.A.",((B142*C142)+(N142*O142))/AJ142) -> 10.54 | AJ142: =+C142+O142 -> 78692.248 | AL142: =+AA142+AG142 -> 3518.705 | AM142: =+AB142+AH142 -> 0 | AN142: =+AD142+AJ142 -> 78692.248 | AO142: =+AE142+AK142 -> 0
A143: ENERO DE 2016 | N143: 11 | O143: 50923.421 | T143: 11.94 | U143: 4384.144 | X143: 0 | Z143: =IF(AA143=0,"N.A.",((K143*L143)+(W143*X143))/AA143) -> N.A. | AA143: =+L143+X143 -> 0 | AC143: =IF(AD143=0,"N.A.",((E143*F143)+(Q143*R143))/AD143) -> N.A. | AD143: =+F143+R143 -> 0 | AF143: =IF(AG143=0,"N.A.",((H143*I143)+(T143*U143))/AG143) -> 11.94 | AG143: =+I143+U143 -> 4384.144 | AI143: =IF(AJ143=0,"N.A.",((B143*C143)+(N143*O143))/AJ143) -> 11 | AJ143: =+C143+O143 -> 50923.421 | AL143: =+AA143+AG143 -> 4384.144 | AM143: =+AB143+AH143 -> 0 | AN143: =+AD143+AJ143 -> 50923.421 | AO143: =+AE143+AK143 -> 0
A144: FEBRERO DE 2016 | N144: 11.34 | O144: 63225.415 | T144: 12.17 | U144: 3901.191 | X144: 0 | Z144: =IF(AA144=0,"N.A.",((K144*L144)+(W144*X144))/AA144) -> N.A. | AA144: =+L144+X144 -> 0 | AC144: =IF(AD144=0,"N.A.",((E144*F144)+(Q144*R144))/AD144) -> N.A. | AD144: =+F144+R144 -> 0 | AF144: =IF(AG144=0,"N.A.",((H144*I144)+(T144*U144))/AG144) -> 12.17 | AG144: =+I144+U144 -> 3901.191 | AI144: =IF(AJ144=0,"N.A.",((B144*C144)+(N144*O144))/AJ144) -> 11.34 | AJ144: =+C144+O144 -> 63225.415 | AL144: =+AA144+AG144 -> 3901.191 | AM144: =+AB144+AH144 -> 0 | AN144: =+AD144+AJ144 -> 63225.415 | AO144: =+AE144+AK144 -> 0
A145: MARZO DE 2016 | N145: 11.6 | O145: 63613.921 | T145: 12.26 | U145: 3501.479 | X145: 0 | Z145: =IF(AA145=0,"N.A.",((K145*L145)+(W145*X145))/AA145) -> N.A. | AA145: =+L145+X145 -> 0 | AC145: =IF(AD145=0,"N.A.",((E145*F145)+(Q145*R145))/AD145) -> N.A. | AD145: =+F145+R145 -> 0 | AF145: =IF(AG145=0,"N.A.",((H145*I145)+(T145*U145))/AG145) -> 12.26 | AG145: =+I145+U145 -> 3501.479 | AI145: =IF(AJ145=0,"N.A.",((B145*C145)+(N145*O145))/AJ145) -> 11.6 | AJ145: =+C145+O145 -> 63613.921 | AL145: =+AA145+AG145 -> 3501.479 | AM145: =+AB145+AH145 -> 0 | AN145: =+AD145+AJ145 -> 63613.921 | AO145: =+AE145+AK145 -> 0
A146: ABRIL DE 2016 | N146: 11.53 | O146: 58245.383 | T146: 12.19 | U146: 3437.481 | X146: 0 | Z146: =IF(AA146=0,"N.A.",((K146*L146)+(W146*X146))/AA146) -> N.A. | AA146: =+L146+X146 -> 0 | AC146: =IF(AD146=0,"N.A.",((E146*F146)+(Q146*R146))/AD146) -> N.A. | AD146: =+F146+R146 -> 0 | AF146: =IF(AG146=0,"N.A.",((H146*I146)+(T146*U146))/AG146) -> 12.19 | AG146: =+I146+U146 -> 3437.481 | AI146: =IF(AJ146=0,"N.A.",((B146*C146)+(N146*O146))/AJ146) -> 11.53 | AJ146: =+C146+O146 -> 58245.383 | AL146: =+AA146+AG146 -> 3437.481 | AM146: =+AB146+AH146 -> 0 | AN146: =+AD146+AJ146 -> 58245.383 | AO146: =+AE146+AK146 -> 0
A147: MAYO DE 2016 | N147: 11.54 | O147: 52663.837 | T147: 12.39 | U147: 3738.263 | X147: 0 | Z147: =IF(AA147=0,"N.A.",((K147*L147)+(W147*X147))/AA147) -> N.A. | AA147: =+L147+X147 -> 0 | AC147: =IF(AD147=0,"N.A.",((E147*F147)+(Q147*R147))/AD147) -> N.A. | AD147: =+F147+R147 -> 0 | AF147: =IF(AG147=0,"N.A.",((H147*I147)+(T147*U147))/AG147) -> 12.39 | AG147: =+I147+U147 -> 3738.263 | AI147: =IF(AJ147=0,"N.A.",((B147*C147)+(N147*O147))/AJ147) -> 11.54 | AJ147: =+C147+O147 -> 52663.837 | AL147: =+AA147+AG147 -> 3738.263 | AM147: =+AB147+AH147 -> 0 | AN147: =+AD147+AJ147 -> 52663.837 | AO147: =+AE147+AK147 -> 0
A148: JUNIO DE 2016 | N148: 11.95 | O148: 61263.21 | T148: 12.76 | U148: 3350.027 | X148: 0 | Z148: =IF(AA148=0,"N.A.",((K148*L148)+(W148*X148))/AA148) -> N.A. | AA148: =+L148+X148 -> 0 | AC148: =IF(AD148=0,"N.A.",((E148*F148)+(Q148*R148))/AD148) -> N.A. | AD148: =+F148+R148 -> 0 | AF148: =IF(AG148=0,"N.A.",((H148*I148)+(T148*U148))/AG148) -> 12.76 | AG148: =+I148+U148 -> 3350.027 | AI148: =IF(AJ148=0,"N.A.",((B148*C148)+(N148*O148))/AJ148) -> 11.95 | AJ148: =+C148+O148 -> 61263.21 | AL148: =+AA148+AG148 -> 3350.027 | AM148: =+AB148+AH148 -> 0 | AN148: =+AD148+AJ148 -> 61263.21 | AO148: =+AE148+AK148 -> 0
A149: JULIO DE 2016 | N149: 12.2 | O149: 48533.319 | T149: 13.08 | U149: 3868.267 | X149: 0 | Z149: =IF(AA149=0,"N.A.",((K149*L149)+(W149*X149))/AA149) -> N.A. | AA149: =+L149+X149 -> 0 | AC149: =IF(AD149=0,"N.A.",((E149*F149)+(Q149*R149))/AD149) -> N.A. | AD149: =+F149+R149 -> 0 | AF149: =IF(AG149=0,"N.A.",((H149*I149)+(T149*U149))/AG149) -> 13.08 | AG149: =+I149+U149 -> 3868.267 | AI149: =IF(AJ149=0,"N.A.",((B149*C149)+(N149*O149))/AJ149) -> 12.2 | AJ149: =+C149+O149 -> 48533.319 | AL149: =+AA149+AG149 -> 3868.267 | AM149: =+AB149+AH149 -> 0 | AN149: =+AD149+AJ149 -> 48533.319 | AO149: =+AE149+AK149 -> 0
A150: AGOSTO DE 2016 | N150: 12.19 | O150: 70588.307 | T150: 13.05 | U150: 4757.856 | X150: 0 | Z150: =IF(AA150=0,"N.A.",((K150*L150)+(W150*X150))/AA150) -> N.A. | AA150: =+L150+X150 -> 0 | AC150: =IF(AD150=0,"N.A.",((E150*F150)+(Q150*R150))/AD150) -> N.A. | AD150: =+F150+R150 -> 0 | AF150: =IF(AG150=0,"N.A.",((H150*I150)+(T150*U150))/AG150) -> 13.05 | AG150: =+I150+U150 -> 4757.856 | AI150: =IF(AJ150=0,"N.A.",((B150*C150)+(N150*O150))/AJ150) -> 12.19 | AJ150: =+C150+O150 -> 70588.307 | AL150: =+AA150+AG150 -> 4757.856 | AM150: =+AB150+AH150 -> 0 | AN150: =+AD150+AJ150 -> 70588.307 | AO150: =+AE150+AK150 -> 0
A151: SEPTIEMBRE DE 2016 | N151: 12.12 | O151: 63937.13 | T151: 13.19 | U151: 6564.089 | X151: 0 | Z151: =IF(AA151=0,"N.A.",((K151*L151)+(W151*X151))/AA151) -> N.A. | AA151: =+L151+X151 -> 0 | AC151: =IF(AD151=0,"N.A.",((E151*F151)+(Q151*R151))/AD151) -> N.A. | AD151: =+F151+R151 -> 0 | AF151: =IF(AG151=0,"N.A.",((H151*I151)+(T151*U151))/AG151) -> 13.19 | AG151: =+I151+U151 -> 6564.089 | AI151: =IF(AJ151=0,"N.A.",((B151*C151)+(N151*O151))/AJ151) -> 12.12 | AJ151: =+C151+O151 -> 63937.13 | AL151: =+AA151+AG151 -> 6564.089 | AM151: =+AB151+AH151 -> 0 | AN151: =+AD151+AJ151 -> 63937.13 | AO151: =+AE151+AK151 -> 0
A152: OCTUBRE DE 2016 | N152: 12.21 | O152: 47455.292 | T152: 13.2 | U152: 3823.786 | X152: 0 | Z152: =IF(AA152=0,"N.A.",((K152*L152)+(W152*X152))/AA152) -> N.A. | AA152: =+L152+X152 -> 0 | AC152: =IF(AD152=0,"N.A.",((E152*F152)+(Q152*R152))/AD152) -> N.A. | AD152: =+F152+R152 -> 0 | AF152: =IF(AG152=0,"N.A.",((H152*I152)+(T152*U152))/AG152) -> 13.2 | AG152: =+I152+U152 -> 3823.786 | AI152: =IF(AJ152=0,"N.A.",((B152*C152)+(N152*O152))/AJ152) -> 12.21 | AJ152: =+C152+O152 -> 47455.292 | AL152: =+AA152+AG152 -> 3823.786 | AM152: =+AB152+AH152 -> 0 | AN152: =+AD152+AJ152 -> 47455.292 | AO152: =+AE152+AK152 -> 0
A153: NOVIEMBRE DE 2016 | N153: 12.18 | O153: 79844.29 | T153: 13.39 | U153: 7066.107 | X153: 0 | Z153: =IF(AA153=0,"N.A.",((K153*L153)+(W153*X153))/AA153) -> N.A. | AA153: =+L153+X153 -> 0 | AC153: =IF(AD153=0,"N.A.",((E153*F153)+(Q153*R153))/AD153) -> N.A. | AD153: =+F153+R153 -> 0 | AF153: =IF(AG153=0,"N.A.",((H153*I153)+(T153*U153))/AG153) -> 13.39 | AG153: =+I153+U153 -> 7066.107 | AI153: =IF(AJ153=0,"N.A.",((B153*C153)+(N153*O153))/AJ153) -> 12.18 | AJ153: =+C153+O153 -> 79844.29 | AL153: =+AA153+AG153 -> 7066.107 | AM153: =+AB153+AH153 -> 0 | AN153: =+AD153+AJ153 -> 79844.29 | AO153: =+AE153+AK153 -> 0
... A192: FEBRERO DE 2020 | N192: 10.595787 | O192: 71203.893 | T192: 11.603337 | U192: 36208.49 | X192: 0 | Z192: =IF(AA192=0,"N.A.",((K192*L192)+(W192*X192))/AA192) -> N.A. | AA192: =+L192+X192 -> 0 | AC192: =IF(AD192=0,"N.A.",((E192*F192)+(Q192*R192))/AD192) -> N.A. | AD192: =+F192+R192 -> 0 | AF192: =IF(AG192=0,"N.A.",((H192*I192)+(T192*U192))/AG192) -> 11.603337 | AG192: =+I192+U192 -> 36208.49 | AI192: =IF(AJ192=0,"N.A.",((B192*C192)+(N192*O192))/AJ192) -> 10.595787 | AJ192: =+C192+O192 -> 71203.893 | AL192: =+AA192+AG192 -> 36208.49 | AM192: =+AB192+AH192 -> 0 | AN192: =+AD192+AJ192 -> 71203.893 | AO192: =+AE192+AK192 -> 0
A193: MARZO DE 2020 | N193: 10.575903 | O193: 56248.758 | P193: 559 | T193: 11.536479 | U193: 13275.609 | V193: 235 | Z193: =IF(AA193=0,"N.A.",((K193*L193)+(W193*X193))/AA193) -> N.A. | AA193: =+L193+X193 -> 0 | AB193: =+M193+Y193 -> 0 | AC193: =IF(AD193=0,"N.A.",((E193*F193)+(Q193*R193))/AD193) -> N.A. | AD193: =+F193+R193 -> 0 | AE193: =+G193+S193 -> 0 | AF193: =IF(AG193=0,"N.A.",((H193*I193)+(T193*U193))/AG193) -> 11.536479 | AG193: =+I193+U193 -> 13275.609 | AH193: =+J193+V193 -> 235 | AI193: =IF(AJ193=0,"N.A.",((B193*C193)+(N193*O193))/AJ193) -> 10.575903 | AJ193: =+C193+O193 -> 56248.758 | AK193: =+D193+P193 -> 559 | AL193: =+AA193+AG193 -> 13275.609 | AM193: =+AB193+AH193 -> 235 | AN193: =+AD193+AJ193 -> 56248.758 | AO193: =+AE193+AK193 -> 559
A194: ABRIL DE 2020 | N194: 10.643129 | O194: 41672.036 | P194: 505 | T194: 11.563717 | U194: 9169.972 | V194: 156 | Z194: =IF(AA194=0,"N.A.",((K194*L194)+(W194*X194))/AA194) -> N.A. | AA194: =+L194+X194 -> 0 | AB194: =+M194+Y194 -> 0 | AC194: =IF(AD194=0,"N.A.",((E194*F194)+(Q194*R194))/AD194) -> N.A. | AD194: =+F194+R194 -> 0 | AE194: =+G194+S194 -> 0 | AF194: =IF(AG194=0,"N.A.",((H194*I194)+(T194*U194))/AG194) -> 11.563717 | AG194: =+I194+U194 -> 9169.972 | AH194: =+J194+V194 -> 156 | AI194: =IF(AJ194=0,"N.A.",((B194*C194)+(N194*O194))/AJ194) -> 10.643129 | AJ194: =+C194+O194 -> 41672.036 | AK194: =+D194+P194 -> 505 | AL194: =+AA194+AG194 -> 9169.972 | AM194: =+AB194+AH194 -> 156 | AN194: =+AD194+AJ194 -> 41672.036 | AO194: =+AE194+AK194 -> 505
A195: MAYO DE 2020 | N195: 10.618319 | O195: 51841.233 | P195: 557 | T195: 11.643639 | U195: 8671.392 | V195: 147 | Z195: =IF(AA195=0,"N.A.",((K195*L195)+(W195*X195))/AA195) -> N.A. | AA195: =+L195+X195 -> 0 | AB195: =+M195+Y195 -> 0 | AC195: =IF(AD195=0,"N.A.",((E195*F195)+(Q195*R195))/AD195) -> N.A. | AD195: =+F195+R195 -> 0 | AE195: =+G195+S195 -> 0 | AF195: =IF(AG195=0,"N.A.",((H195*I195)+(T195*U195))/AG195) -> 11.643639 | AG195: =+I195+U195 -> 8671.392 | AH195: =+J195+V195 -> 147 | AI195: =IF(AJ195=0,"N.A.",((B195*C195)+(N195*O195))/AJ195) -> 10.618319 | AJ195: =+C195+O195 -> 51841.233 | AK195: =+D195+P195 -> 557 | AL195: =+AA195+AG195 -> 8671.392 | AM195: =+AB195+AH195 -> 147 | AN195: =+AD195+AJ195 -> 51841.233 | AO195: =+AE195+AK195 -> 557
A196: JUNIO DE 2020 | N196: 10.90402 | O196: 63196.702 | P196: 741 | T196: 11.630168 | U196: 10436.34 | V196: 190 | Z196: =IF(AA196=0,"N.A.",((K196*L196)+(W196*X196))/AA196) -> N.A. | AA196: =+L196+X196 -> 0 | AB196: =+M196+Y196 -> 0 | AC196: =IF(AD196=0,"N.A.",((E196*F196)+(Q196*R196))/AD196) -> N.A. | AD196: =+F196+R196 -> 0 | AE196: =+G196+S196 -> 0 | AF196: =IF(AG196=0,"N.A.",((H196*I196)+(T196*U196))/AG196) -> 11.630168 | AG196: =+I196+U196 -> 10436.34 | AH196: =+J196+V196 -> 190 | AI196: =IF(AJ196=0,"N.A.",((B196*C196)+(N196*O196))/AJ196) -> 10.90402 | AJ196: =+C196+O196 -> 63196.702 | AK196: =+D196+P196 -> 741 | AL196: =+AA196+AG196 -> 10436.34 | AM196: =+AB196+AH196 -> 190 | AN196: =+AD196+AJ196 -> 63196.702 | AO196: =+AE196+AK196 -> 741
A197: JULIO DE 2020 | N197: 10.493723 | O197: 59212.969 | P197: 433 | T197: 11.604607 | U197: 51559.004 | V197: 992 | Z197: =IF(AA197=0,"N.A.",((K197*L197)+(W197*X197))/AA197) -> N.A. | AA197: =+L197+X197 -> 0 | AB197: =+M197+Y197 -> 0 | AC197: =IF(AD197=0,"N.A.",((E197*F197)+(Q197*R197))/AD197) -> N.A. | AD197: =+F197+R197 -> 0 | AE197: =+G197+S197 -> 0 | AF197: =IF(AG197=0,"N.A.",((H197*I197)+(T197*U197))/AG197) -> 11.604607 | AG197: =+I197+U197 -> 51559.004 | AH197: =+J197+V197 -> 992 | AI197: =IF(AJ197=0,"N.A.",((B197*C197)+(N197*O197))/AJ197) -> 10.493723 | AJ197: =+C197+O197 -> 59212.969 | AK197: =+D197+P197 -> 433 | AL197: =+AA197+AG197 -> 51559.004 | AM197: =+AB197+AH197 -> 992 | AN197: =+AD197+AJ197 -> 59212.969 | AO197: =+AE197+AK197 -> 433
A198: AGOSTO DE 2020 | N198: 10.554133 | O198: 43236.562 | P198: 308 | T198: 11.643444 | U198: 41540.411 | V198: 793 | Z198: =IF(AA198=0,"N.A.",((K198*L198)+(W198*X198))/AA198) -> N.A. | AA198: =+L198+X198 -> 0 | AB198: =+M198+Y198 -> 0 | AC198: =IF(AD198=0,"N.A.",((E198*F198)+(Q198*R198))/AD198) -> N.A. | AD198: =+F198+R198 -> 0 | AE198: =+G198+S198 -> 0 | AF198: =IF(AG198=0,"N.A.",((H198*I198)+(T198*U198))/AG198) -> 11.643444 | AG198: =+I198+U198 -> 41540.411 | AH198: =+J198+V198 -> 793 | AI198: =IF(AJ198=0,"N.A.",((B198*C198)+(N198*O198))/AJ198) -> 10.554133 | AJ198: =+C198+O198 -> 43236.562 | AK198: =+D198+P198 -> 308 | AL198: =+AA198+AG198 -> 41540.411 | AM198: =+AB198+AH198 -> 793 | AN198: =+AD198+AJ198 -> 43236.562 | AO198: =+AE198+AK198 -> 308
A199: SEPTIEMBRE DE 2020 | N199: 10.237405 | O199: 67127.615 | P199: 484 | T199: 11.697881 | U199: 57311.694 | V199: 1054 | Z199: =IF(AA199=0,"N.A.",((K199*L199)+(W199*X199))/AA199) -> N.A. | AA199: =+L199+X199 -> 0 | AB199: =+M199+Y199 -> 0 | AC199: =IF(AD199=0,"N.A.",((E199*F199)+(Q199*R199))/AD199) -> N.A. | AD199: =+F199+R199 -> 0 | AE199: =+G199+S199 -> 0 | AF199: =IF(AG199=0,"N.A.",((H199*I199)+(T199*U199))/AG199) -> 11.697881 | AG199: =+I199+U199 -> 57311.694 | AH199: =+J199+V199 -> 1054 | AI199: =IF(AJ199=0,"N.A.",((B199*C199)+(N199*O199))/AJ199) -> 10.237405 | AJ199: =+C199+O199 -> 67127.615 | AK199: =+D199+P199 -> 484 | AL199: =+AA199+AG199 -> 57311.694 | AM199: =+AB199+AH199 -> 1054 | AN199: =+AD199+AJ199 -> 67127.615 | AO199: =+AE199+AK199 -> 484
A200: OCTUBRE DE 2020 | N200: 10.344273 | O200: 68855.681 | P200: 466 | T200: 11.7159 | U200: 43710.147 | V200: 850 | Z200: =IF(AA200=0,"N.A.",((K200*L200)+(W200*X200))/AA200) -> N.A. | AA200: =+L200+X200 -> 0 | AB200: =+M200+Y200 -> 0 | AC200: =IF(AD200=0,"N.A.",((E200*F200)+(Q200*R200))/AD200) -> N.A. | AD200: =+F200+R200 -> 0 | AE200: =+G200+S200 -> 0 | AF200: =IF(AG200=0,"N.A.",((H200*I200)+(T200*U200))/AG200) -> 11.7159 | AG200: =+I200+U200 -> 43710.147 | AH200: =+J200+V200 -> 850 | AI200: =IF(AJ200=0,"N.A.",((B200*C200)+(N200*O200))/AJ200) -> 10.344273 | AJ200: =+C200+O200 -> 68855.681 | AK200: =+D200+P200 -> 466 | AL200: =+AA200+AG200 -> 43710.147 | AM200: =+AB200+AH200 -> 850 | AN200: =+AD200+AJ200 -> 68855.681 | AO200: =+AE200+AK200 -> 466
A201: NOVIEMBRE DE 2020 | N201: 10.251967 | O201: 52444.166 | P201: 433 | T201: 11.729029 | U201: 34734.273 | V201: 692 | Z201: =IF(AA201=0,"N.A.",((K201*L201)+(W201*X201))/AA201) -> N.A. | AA201: =+L201+X201 -> 0 | AB201: =+M201+Y201 -> 0 | AC201: =IF(AD201=0,"N.A.",((E201*F201)+(Q201*R201))/AD201) -> N.A. | AD201: =+F201+R201 -> 0 | AE201: =+G201+S201 -> 0 | AF201: =IF(AG201=0,"N.A.",((H201*I201)+(T201*U201))/AG201) -> 11.729029 | AG201: =+I201+U201 -> 34734.273 | AH201: =+J201+V201 -> 692 | AI201: =IF(AJ201=0,"N.A.",((B201*C201)+(N201*O201))/AJ201) -> 10.251967 | AJ201: =+C201+O201 -> 52444.166 | AK201: =+D201+P201 -> 433 | AL201: =+AA201+AG201 -> 34734.273 | AM201: =+AB201+AH201 -> 692 | AN201: =+AD201+AJ201 -> 52444.166 | AO201: =+AE201+AK201 -> 433
...

Sheet 2- popular
A1: TASAS Y DESEMBOLSOS MENSUALES DE CARTERA DE VIVIENDA
A2: BANCO POPULAR
AG3: Cifras en millones de pesos y tasas efectivas anuales promedio ponderadas
A4: MES | B4: Construcción de Vivienda diferente de VIS en pesos | E4: Construcción de Vivienda diferente de VIS en UVR | H4: Construcción de Vivienda VIS en pesos | K4: Construcción de Vivienda VIS en UVR | N4: Adquisición de Vivienda diferente de VIS en Pesos | Q4: Adquisición de Vivienda diferente de VIS en UVR | T4: Adquisición de Vivienda VIS en Pesos | W4: Adquisición de Vivienda VIS en UVR | Z4: CREDITOS DE VIVIENDA en U.V.R. (Puntos) | AF4: CREDITOS DE VIVIENDA en Pesos (T.E.A.) | AL4: CONSOLIDADO
Z5: VIS | AC5: NO VIS | AF5: VIS | AI5: NO VIS | AL5: VIS | AN5: NO VIS
B6: TASA | C6: MONTO | D6: NÚMERO DE CRÉDITOS DESEMBOLSADOS | E6: TASA | F6: MONTO | G6: NÚMERO DE CRÉDITOS DESEMBOLSADOS | H6: TASA | I6: MONTO | J6: NÚMERO DE CRÉDITOS DESEMBOLSADOS | K6: TASA | L6: MONTO | M6: NÚMERO DE CRÉDITOS DESEMBOLSADOS | N6: TASA | O6: MONTO | P6: NÚMERO DE CRÉDITOS DESEMBOLSADOS | Q6: TASA | R6: MONTO | S6: NÚMERO DE CRÉDITOS DESEMBOLSADOS | T6: TASA | U6: MONTO | V6: NÚMERO DE CRÉDITOS DESEMBOLSADOS | W6: TASA | X6: MONTO | Y6: NÚMERO DE CRÉDITOS DESEMBOLSADOS | Z6: TASA | AA6: MONTO | AB6: NÚMERO DE CRÉDITOS DESEMBOLSADOS | AC6: TASA | AD6: MONTO | AE6: NÚMERO DE CRÉDITOS DESEMBOLSADOS | AF6: TASA | AG6: MONTO | AH6: NÚMERO DE CRÉDITOS DESEMBOLSADOS | AI6: TASA | AJ6: MONTO | AK6: NÚMERO DE CRÉDITOS DESEMBOLSADOS | AL6: MONTO | AM6: NÚMERO DE CRÉDITOS DESEMBOLSADOS | AN6: MONTO | AO6: NÚMERO DE CRÉDITOS DESEMBOLSADOS
A7: MAYO DE 2002 | K7: 11 | L7: 32.68 | N7: 16.8 | O7: 131 | W7: 11 | X7: 66.81 | Z7: =IF(AA7=0,"N.A.",((K7*L7)+(W7*X7))/AA7) -> 11 | AA7: =+L7+X7 -> 99.49 | AC7: =IF(AD7=0,"N.A.",((E7*F7)+(Q7*R7))/AD7) -> N.A. | AD7: =+F7+R7 -> 0 | AF7: =IF(AG7=0,"N.A.",((H7*I7)+(T7*U7))/AG7) -> N.A. | AG7: =+I7+U7 -> 0 | AI7: =IF(AJ7=0,"N.A.",((B7*C7)+(N7*O7))/AJ7) -> 16.8 | AJ7: =+C7+O7 -> 131 | AL7: =+AA7+AG7 -> 99.49 | AM7: =+AB7+AH7 -> 0 | AN7: =+AD7+AJ7 -> 131 | AO7: =+AE7+AK7 -> 0
A8: JUNIO DE 2002 | N8: 16.8 | O8: 238.998 | Q8: 13.91 | R8: 82 | U8: 0 | X8: 0 | Z8: =IF(AA8=0,"N.A.",((K8*L8)+(W8*X8))/AA8) -> N.A. | AA8: =+L8+X8 -> 0 | AC8: =IF(AD8=0,"N.A.",((E8*F8)+(Q8*R8))/AD8) -> 13.91 | AD8: =+F8+R8 -> 82 | AF8: =IF(AG8=0,"N.A.",((H8*I8)+(T8*U8))/AG8) -> N.A. | AG8: =+I8+U8 -> 0 | AI8: =IF(AJ8=0,"N.A.",((B8*C8)+(N8*O8))/AJ8) -> 16.8 | AJ8: =+C8+O8 -> 238.998 | AL8: =+AA8+AG8 -> 0 | AM8: =+AB8+AH8 -> 0 | AN8: =+AD8+AJ8 -> 320.998 | AO8: =+AE8+AK8 -> 0
A9: JULIO DE 2002 | N9: 16.15 | O9: 251 | R9: 0 | T9: 16.28 | U9: 30.8 | X9: 0 | Z9: =IF(AA9=0,"N.A.",((K9*L9)+(W9*X9))/AA9) -> N.A. | AA9: =+L9+X9 -> 0 | AC9: =IF(AD9=0,"N.A.",((E9*F9)+(Q9*R9))/AD9) -> N.A. | AD9: =+F9+R9 -> 0 | AF9: =IF(AG9=0,"N.A.",((H9*I9)+(T9*U9))/AG9) -> 16.28 | AG9: =+I9+U9 -> 30.8 | AI9: =IF(AJ9=0,"N.A.",((B9*C9)+(N9*O9))/AJ9) -> 16.15 | AJ9: =+C9+O9 -> 251 | AL9: =+AA9+AG9 -> 30.8 | AM9: =+AB9+AH9 -> 0 | AN9: =+AD9+AJ9 -> 251 | AO9: =+AE9+AK9 -> 0
A10: AGOSTO DE 2002 | N10: 16.703077 | O10: 291.2 | Q10: 13.818894 | R10: 364.519 | T10: 16.348309 | U10: 95.8 | W10: 11 | X10: 52.959 | Z10: =IF(AA10=0,"N.A.",((K10*L10)+(W10*X10))/AA10) -> 11 | AA10: =+L10+X10 -> 52.959 | AC10: =IF(AD10=0,"N.A.",((E10*F10)+(Q10*R10))/AD10) -> 13.818894 | AD10: =+F10+R10 -> 364.519 | AF10: =IF(AG10=0,"N.A.",((H10*I10)+(T10*U10))/AG10) -> 16.348309 | AG10: =+I10+U10 -> 95.8 | AI10: =IF(AJ10=0,"N.A.",((B10*C10)+(N10*O10))/AJ10) -> 16.703077 | AJ10: =+C10+O10 -> 291.2 | AL10: =+AA10+AG10 -> 148.759 | AM10: =+AB10+AH10 -> 0 | AN10: =+AD10+AJ10 -> 655.719 | AO10: =+AE10+AK10 -> 0
A11: SEPTIEMBRE DE 2002 | N11: 16.08 | O11: 56.25 | Q11: 13.91 | R11: 30 | T11: 16.08 | U11: 164.2 | W11: 11 | X11: 10 | Z11: =IF(AA11=0,"N.A.",((K11*L11)+(W11*X11))/AA11) -> 11 | AA11: =+L11+X11 -> 10 | AC11: =IF(AD11=0,"N.A.",((E11*F11)+(Q11*R11))/AD11) -> 13.91 | AD11: =+F11+R11 -> 30 | AF11: =IF(AG11=0,"N.A.",((H11*I11)+(T11*U11))/AG11) -> 16.08 | AG11: =+I11+U11 -> 164.2 | AI11: =IF(AJ11=0,"N.A.",((B11*C11)+(N11*O11))/AJ11) -> 16.08 | AJ11: =+C11+O11 -> 56.25 | AL11: =+AA11+AG11 -> 174.2 | AM11: =+AB11+AH11 -> 0 | AN11: =+AD11+AJ11 -> 86.25 | AO11: =+AE11+AK11 -> 0
A12: OCTUBRE DE 2002 | O12: 0 | R12: 0 | T12: 16.08 | U12: 16 | X12: 0 | Z12: =IF(AA12=0,"N.A.",((K12*L12)+(W12*X12))/AA12) -> N.A. | AA12: =+L12+X12 -> 0 | AC12: =IF(AD12=0,"N.A.",((E12*F12)+(Q12*R12))/AD12) -> N.A. | AD12: =+F12+R12 -> 0 | AF12: =IF(AG12=0,"N.A.",((H12*I12)+(T12*U12))/AG12) -> 16.08 | AG12: =+I12+U12 -> 16 | AI12: =IF(AJ12=0,"N.A.",((B12*C12)+(N12*O12))/AJ12) -> N.A. | AJ12: =+C12+O12 -> 0 | AL12: =+AA12+AG12 -> 16 | AM12: =+AB12+AH12 -> 0 | AN12: =+AD12+AJ12 -> 0 | AO12: =+AE12+AK12 -> 0
A13: NOVIEMBRE DE 2002 | N13: 16.08 | O13: 30 | R13: 0 | T13: 16.08 | U13: 61.25 | W13: 11 | X13: 70.582 | Z13: =IF(AA13=0,"N.A.",((K13*L13)+(W13*X13))/AA13) -> 11 | AA13: =+L13+X13 -> 70.582 | AC13: =IF(AD13=0,"N.A.",((E13*F13)+(Q13*R13))/AD13) -> N.A. | AD13: =+F13+R13 -> 0 | AF13: =IF(AG13=0,"N.A.",((H13*I13)+(T13*U13))/AG13) -> 16.08 | AG13: =+I13+U13 -> 61.25 | AI13: =IF(AJ13=0,"N.A.",((B13*C13)+(N13*O13))/AJ13) -> 16.08 | AJ13: =+C13+O13 -> 30 | AL13: =+AA13+AG13 -> 131.832 | AM13: =+AB13+AH13 -> 0 | AN13: =+AD13+AJ13 -> 30 | AO13: =+AE13+AK13 -> 0
A14: DICIEMBRE DE 2002 | N14: 16.08 | O14: 95.4 | R14: 0 | T14: 16.08 | U14: 67.7 | W14: 11 | X14: 176.092 | Z14: =IF(AA14=0,"N.A.",((K14*L14)+(W14*X14))/AA14) -> 11 | AA14: =+L14+X14 -> 176.092 | AC14: =IF(AD14=0,"N.A.",((E14*F14)+(Q14*R14))/AD14) -> N.A. | AD14: =+F14+R14 -> 0 | AF14: =IF(AG14=0,"N.A.",((H14*I14)+(T14*U14))/AG14) -> 16.08 | AG14: =+I14+U14 -> 67.7 | AI14: =IF(AJ14=0,"N.A.",((B14*C14)+(N14*O14))/AJ14) -> 16.08 | AJ14: =+C14+O14 -> 95.4 | AL14: =+AA14+AG14 -> 243.792 | AM14: =+AB14+AH14 -> 0 | AN14: =+AD14+AJ14 -> 95.4 | AO14: =+AE14+AK14 -> 0
A15: ENERO DE 2003 | O15: 0 | R15: 0 | T15: 16.08 | U15: 49 | W15: 11 | X15: 31.2 | Z15: =IF(AA15=0,"N.A.",((K15*L15)+(W15*X15))/AA15) -> 11 | AA15: =+L15+X15 -> 31.2 | AC15: =IF(AD15=0,"N.A.",((E15*F15)+(Q15*R15))/AD15) -> N.A. | AD15: =+F15+R15 -> 0 | AF15: =IF(AG15=0,"N.A.",((H15*I15)+(T15*U15))/AG15) -> 16.08 | AG15: =+I15+U15 -> 49 | AI15: =IF(AJ15=0,"N.A.",((B15*C15)+(N15*O15))/AJ15) -> N.A. | AJ15: =+C15+O15 -> 0 | AL15: =+AA15+AG15 -> 80.2 | AM15: =+AB15+AH15 -> 0 | AN15: =+AD15+AJ15 -> 0 | AO15: =+AE15+AK15 -> 0
A16: FEBRERO DE 2003 | O16: 0 | Q16: 13.9 | R16: 582.898 | U16: 0 | W16: 11 | X16: 11.725 | Z16: =IF(AA16=0,"N.A.",((K16*L16)+(W16*X16))/AA16) -> 11 | AA16: =+L16+X16 -> 11.725 | AC16: =IF(AD16=0,"N.A.",((E16*F16)+(Q16*R16))/AD16) -> 13.9 | AD16: =+F16+R16 -> 582.898 | AF16: =IF(AG16=0,"N.A.",((H16*I16)+(T16*U16))/AG16) -> N.A. | AG16: =+I16+U16 -> 0 | AI16: =IF(AJ16=0,"N.A.",((B16*C16)+(N16*O16))/AJ16) -> N.A. | AJ16: =+C16+O16 -> 0 | AL16: =+AA16+AG16 -> 11.725 | AM16: =+AB16+AH16 -> 0 | AN16: =+AD16+AJ16 -> 582.898 | AO16: =+AE16+AK16 -> 0
A17: MARZO DE 2003 | O17: 0 | R17: 0 | T17: 16.08 | U17: 149.4 | W17: 11 | X17: 46.017 | Z17: =IF(AA17=0,"N.A.",((K17*L17)+(W17*X17))/AA17) -> 11 | AA17: =+L17+X17 -> 46.017 | AC17: =IF(AD17=0,"N.A.",((E17*F17)+(Q17*R17))/AD17) -> N.A. | AD17: =+F17+R17 -> 0 | AF17: =IF(AG17=0,"N.A.",((H17*I17)+(T17*U17))/AG17) -> 16.08 | AG17: =+I17+U17 -> 149.4 | AI17: =IF(AJ17=0,"N.A.",((B17*C17)+(N17*O17))/AJ17) -> N.A. | AJ17: =+C17+O17 -> 0 | AL17: =+AA17+AG17 -> 195.417 | AM17: =+AB17+AH17 -> 0 | AN17: =+AD17+AJ17 -> 0 | AO17: =+AE17+AK17 -> 0
A18: ABRIL DE 2003 | O18: 0 | R18: 0 | T18: 16.08 | U18: 56.65 | X18: 0 | Z18: =IF(AA18=0,"N.A.",((K18*L18)+(W18*X18))/AA18) -> N.A. | AA18: =+L18+X18 -> 0 | AC18: =IF(AD18=0,"N.A.",((E18*F18)+(Q18*R18))/AD18) -> N.A. | AD18: =+F18+R18 -> 0 | AF18: =IF(AG18=0,"N.A.",((H18*I18)+(T18*U18))/AG18) -> 16.08 | AG18: =+I18+U18 -> 56.65 | AI18: =IF(AJ18=0,"N.A.",((B18*C18)+(N18*O18))/AJ18) -> N.A. | AJ18: =+C18+O18 -> 0 | AL18: =+AA18+AG18 -> 56.65 | AM18: =+AB18+AH18 -> 0 | AN18: =+AD18+AJ18 -> 0 | AO18: =+AE18+AK18 -> 0
A19: MAYO DE 2003 | N19: 16.08 | O19: 194.4 | R19: 0 | T19: 16.08 | U19: 53.4 | W19: 11 | X19: 67.083 | Z19: =IF(AA19=0,"N.A.",((K19*L19)+(W19*X19))/AA19) -> 11 | AA19: =+L19+X19 -> 67.083 | AC19: =IF(AD19=0,"N.A.",((E19*F19)+(Q19*R19))/AD19) -> N.A. | AD19: =+F19+R19 -> 0 | AF19: =IF(AG19=0,"N.A.",((H19*I19)+(T19*U19))/AG19) -> 16.08 | AG19: =+I19+U19 -> 53.4 | AI19: =IF(AJ19=0,"N.A.",((B19*C19)+(N19*O19))/AJ19) -> 16.08 | AJ19: =+C19+O19 -> 194.4 | AL19: =+AA19+AG19 -> 120.483 | AM19: =+AB19+AH19 -> 0 | AN19: =+AD19+AJ19 -> 194.4 | AO19: =+AE19+AK19 -> 0
A20: JUNIO DE 2003 | O20: 0 | Q20: 13.91 | R20: 41.4 | T20: 16.08 | U20: 53.5 | W20: 11 | X20: 45.199 | Z20: =IF(AA20=0,"N.A.",((K20*L20)+(W20*X20))/AA20) -> 11 | AA20: =+L20+X20 -> 45.199 | AC20: =IF(AD20=0,"N.A.",((E20*F20)+(Q20*R20))/AD20) -> 13.91 | AD20: =+F20+R20 -> 41.4 | AF20: =IF(AG20=0,"N.A.",((H20*I20)+(T20*U20))/AG20) -> 16.08 | AG20: =+I20+U20 -> 53.5 | AI20: =IF(AJ20=0,"N.A.",((B20*C20)+(N20*O20))/AJ20) -> N.A. | AJ20: =+C20+O20 -> 0 | AL20: =+AA20+AG20 -> 98.699 | AM20: =+AB20+AH20 -> 0 | AN20: =+AD20+AJ20 -> 41.4 | AO20: =+AE20+AK20 -> 0
A21: JULIO DE 2002 | N21: 16.08 | O21: 168.04 | Q21: 13.91 | R21: 36.3 | T21: 16.08 | U21: 97.9 | X21: 0 | Z21: =IF(AA21=0,"N.A.",((K21*L21)+(W21*X21))/AA21) -> N.A. | AA21: =+L21+X21 -> 0 | AC21: =IF(AD21=0,"N.A.",((E21*F21)+(Q21*R21))/AD21) -> 13.91 | AD21: =+F21+R21 -> 36.3 | AF21: =IF(AG21=0,"N.A.",((H21*I21)+(T21*U21))/AG21) -> 16.08 | AG21: =+I21+U21 -> 97.9 | AI21: =IF(AJ21=0,"N.A.",((B21*C21)+(N21*O21))/AJ21) -> 16.08 | AJ21: =+C21+O21 -> 168.04 | AL21: =+AA21+AG21 -> 97.9 | AM21: =+AB21+AH21 -> 0 | AN21: =+AD21+AJ21 -> 204.34 | AO21: =+AE21+AK21 -> 0
A22: AGOSTO DE 2003 | O22: 0 | R22: 0 | T22: 16.08 | U22: 35.7 | X22: 0 | Z22: =IF(AA22=0,"N.A.",((K22*L22)+(W22*X22))/AA22) -> N.A. | AA22: =+L22+X22 -> 0 | AC22: =IF(AD22=0,"N.A.",((E22*F22)+(Q22*R22))/AD22) -> N.A. | AD22: =+F22+R22 -> 0 | AF22: =IF(AG22=0,"N.A.",((H22*I22)+(T22*U22))/AG22) -> 16.08 | AG22: =+I22+U22 -> 35.7 | AI22: =IF(AJ22=0,"N.A.",((B22*C22)+(N22*O22))/AJ22) -> N.A. | AJ22: =+C22+O22 -> 0 | AL22: =+AA22+AG22 -> 35.7 | AM22: =+AB22+AH22 -> 0 | AN22: =+AD22+AJ22 -> 0 | AO22: =+AE22+AK22 -> 0
A23: SEPTIEMBRE DE 2003 | N23: 16.08 | O23: 151.9 | Q23: 13.91 | R23: 29 | T23: 16.08 | U23: 186.35 | W23: 11 | X23: 14 | Z23: =IF(AA23=0,"N.A.",((K23*L23)+(W23*X23))/AA23) -> 11 | AA23: =+L23+X23 -> 14 | AC23: =IF(AD23=0,"N.A.",((E23*F23)+(Q23*R23))/AD23) -> 13.91 | AD23: =+F23+R23 -> 29 | AF23: =IF(AG23=0,"N.A.",((H23*I23)+(T23*U23))/AG23) -> 16.08 | AG23: =+I23+U23 -> 186.35 | AI23: =IF(AJ23=0,"N.A.",((B23*C23)+(N23*O23))/AJ23) -> 16.08 | AJ23: =+C23+O23 -> 151.9 | AL23: =+AA23+AG23 -> 200.35 | AM23: =+AB23+AH23 -> 0 | AN23: =+AD23+AJ23 -> 180.9 | AO23: =+AE23+AK23 -> 0
A24: OCTUBRE DE 2003 | N24: 16.08 | O24: 150.5 | R24: 0 | T24: 16.08 | U24: 60.846 | W24: 11 | X24: 10.942 | Z24: =IF(AA24=0,"N.A.",((K24*L24)+(W24*X24))/AA24) -> 11 | AA24: =+L24+X24 -> 10.942 | AC24: =IF(AD24=0,"N.A.",((E24*F24)+(Q24*R24))/AD24) -> N.A. | AD24: =+F24+R24 -> 0 | AF24: =IF(AG24=0,"N.A.",((H24*I24)+(T24*U24))/AG24) -> 16.08 | AG24: =+I24+U24 -> 60.846 | AI24: =IF(AJ24=0,"N.A.",((B24*C24)+(N24*O24))/AJ24) -> 16.08 | AJ24: =+C24+O24 -> 150.5 | AL24: =+AA24+AG24 -> 71.788 | AM24: =+AB24+AH24 -> 0 | AN24: =+AD24+AJ24 -> 150.5 | AO24: =+AE24+AK24 -> 0
A25: NOVIEMBRE DE 2003 | O25: 0 | R25: 0 | T25: 16.08 | U25: 334.306 | W25: 11 | X25: 10 | Z25: =IF(AA25=0,"N.A.",((K25*L25)+(W25*X25))/AA25) -> 11 | AA25: =+L25+X25 -> 10 | AC25: =IF(AD25=0,"N.A.",((E25*F25)+(Q25*R25))/AD25) -> N.A. | AD25: =+F25+R25 -> 0 | AF25: =IF(AG25=0,"N.A.",((H25*I25)+(T25*U25))/AG25) -> 16.08 | AG25: =+I25+U25 -> 334.306 | AI25: =IF(AJ25=0,"N.A.",((B25*C25)+(N25*O25))/AJ25) -> N.A. | AJ25: =+C25+O25 -> 0 | AL25: =+AA25+AG25 -> 344.306 | AM25: =+AB25+AH25 -> 0 | AN25: =+AD25+AJ25 -> 0 | AO25: =+AE25+AK25 -> 0
A26: DICIEMBRE DE 2003 | N26: 16.08 | O26: 54.25 | R26: 0 | T26: 16.08 | U26: 71.9 | X26: 0 | Z26: =IF(AA26=0,"N.A.",((K26*L26)+(W26*X26))/AA26) -> N.A. | AA26: =+L26+X26 -> 0 | AC26: =IF(AD26=0,"N.A.",((E26*F26)+(Q26*R26))/AD26) -> N.A. | AD26: =+F26+R26 -> 0 | AF26: =IF(AG26=0,"N.A.",((H26*I26)+(T26*U26))/AG26) -> 16.08 | AG26: =+I26+U26 -> 71.9 | AI26: =IF(AJ26=0,"N.A.",((B26*C26)+(N26*O26))/AJ26) -> 16.08 | AJ26: =+C26+O26 -> 54.25 | AL26: =+AA26+AG26 -> 71.9 | AM26: =+AB26+AH26 -> 0 | AN26: =+AD26+AJ26 -> 54.25 | AO26: =+AE26+AK26 -> 0
A27: ENERO DE 2004 | N27: 16.08 | O27: 62 | R27: 0 | T27: 16.08 | U27: 167.65 | W27: 11 | X27: 20 | Z27: =IF(AA27=0,"N.A.",((K27*L27)+(W27*X27))/AA27) -> 11 | AA27: =+L27+X27 -> 20 | AC27: =IF(AD27=0,"N.A.",((E27*F27)+(Q27*R27))/AD27) -> N.A. | AD27: =+F27+R27 -> 0 | AF27: =IF(AG27=0,"N.A.",((H27*I27)+(T27*U27))/AG27) -> 16.08 | AG27: =+I27+U27 -> 167.65 | AI27: =IF(AJ27=0,"N.A.",((B27*C27)+(N27*O27))/AJ27) -> 16.08 | AJ27: =+C27+O27 -> 62 | AL27: =+AA27+AG27 -> 187.65 | AM27: =+AB27+AH27 -> 0 | AN27: =+AD27+AJ27 -> 62 | AO27: =+AE27+AK27 -> 0
A28: FEBRERO DE 2004 | N28: 16.08 | O28: 18.3 | R28: 0 | T28: 16.08 | U28: 59.05 | W28: 11 | X28: 19.6 | Z28: =IF(AA28=0,"N.A.",((K28*L28)+(W28*X28))/AA28) -> 11 | AA28: =+L28+X28 -> 19.6 | AC28: =IF(AD28=0,"N.A.",((E28*F28)+(Q28*R28))/AD28) -> N.A. | AD28: =+F28+R28 -> 0 | AF28: =IF(AG28=0,"N.A.",((H28*I28)+(T28*U28))/AG28) -> 16.08 | AG28: =+I28+U28 -> 59.05 | AI28: =IF(AJ28=0,"N.A.",((B28*C28)+(N28*O28))/AJ28) -> 16.08 | AJ28: =+C28+O28 -> 18.3 | AL28: =+AA28+AG28 -> 78.65 | AM28: =+AB28+AH28 -> 0 | AN28: =+AD28+AJ28 -> 18.3 | AO28: =+AE28+AK28 -> 0
A29: MARZO DE 2004 | N29: 16.08 | O29: 68 | R29: 0 | T29: 16.08 | U29: 293.646 | W29: 11 | X29: 18.294 | Z29: =IF(AA29=0,"N.A.",((K29*L29)+(W29*X29))/AA29) -> 11 | AA29: =+L29+X29 -> 18.294 | AC29: =IF(AD29=0,"N.A.",((E29*F29)+(Q29*R29))/AD29) -> N.A. | AD29: =+F29+R29 -> 0 | AF29: =IF(AG29=0,"N.A.",((H29*I29)+(T29*U29))/AG29) -> 16.08 | AG29: =+I29+U29 -> 293.646 | AI29: =IF(AJ29=0,"N.A.",((B29*C29)+(N29*O29))/AJ29) -> 16.08 | AJ29: =+C29+O29 -> 68 | AL29: =+AA29+AG29 -> 311.94 | AM29: =+AB29+AH29 -> 0 | AN29: =+AD29+AJ29 -> 68 | AO29: =+AE29+AK29 -> 0
A30: ABRIL DE 2004 | O30: 0 | Q30: 13.91 | R30: 14.287 | T30: 16.08 | U30: 82.3 | X30: 0 | Z30: =IF(AA30=0,"N.A.",((K30*L30)+(W30*X30))/AA30) -> N.A. | AA30: =+L30+X30 -> 0 | AC30: =IF(AD30=0,"N.A.",((E30*F30)+(Q30*R30))/AD30) -> 13.91 | AD30: =+F30+R30 -> 14.287 | AF30: =IF(AG30=0,"N.A.",((H30*I30)+(T30*U30))/AG30) -> 16.08 | AG30: =+I30+U30 -> 82.3 | AI30: =IF(AJ30=0,"N.A.",((B30*C30)+(N30*O30))/AJ30) -> N.A. | AJ30: =+C30+O30 -> 0 | AL30: =+AA30+AG30 -> 82.3 | AM30: =+AB30+AH30 -> 0 | AN30: =+AD30+AJ30 -> 14.287 | AO30: =+AE30+AK30 -> 0
A31: MAYO DE 2004 | N31: 16.08 | O31: 110 | R31: 0 | T31: 16.08 | U31: 139.3 | X31: 0 | Z31: =IF(AA31=0,"N.A.",((K31*L31)+(W31*X31))/AA31) -> N.A. | AA31: =+L31+X31 -> 0 | AC31: =IF(AD31=0,"N.A.",((E31*F31)+(Q31*R31))/AD31) -> N.A. | AD31: =+F31+R31 -> 0 | AF31: =IF(AG31=0,"N.A.",((H31*I31)+(T31*U31))/AG31) -> 16.08 | AG31: =+I31+U31 -> 139.3 | AI31: =IF(AJ31=0,"N.A.",((B31*C31)+(N31*O31))/AJ31) -> 16.08 | AJ31: =+C31+O31 -> 110 | AL31: =+AA31+AG31 -> 139.3 | AM31: =+AB31+AH31 -> 0 | AN31: =+AD31+AJ31 -> 110 | AO31: =+AE31+AK31 -> 0
A32: JUNIO DE 2004 | N32: 16.08 | O32: 36.4 | Q32: 13.91 | R32: 25 | T32: 16.08 | U32: 95 | X32: 0 | Z32: =IF(AA32=0,"N.A.",((K32*L32)+(W32*X32))/AA32) -> N.A. | AA32: =+L32+X32 -> 0 | AC32: =IF(AD32=0,"N.A.",((E32*F32)+(Q32*R32))/AD32) -> 13.91 | AD32: =+F32+R32 -> 25 | AF32: =IF(AG32=0,"N.A.",((H32*I32)+(T32*U32))/AG32) -> 16.08 | AG32: =+I32+U32 -> 95 | AI32: =IF(AJ32=0,"N.A.",((B32*C32)+(N32*O32))/AJ32) -> 16.08 | AJ32: =+C32+O32 -> 36.4 | AL32: =+AA32+AG32 -> 95 | AM32: =+AB32+AH32 -> 0 | AN32: =+AD32+AJ32 -> 61.4 | AO32: =+AE32+AK32 -> 0
A33: JULIO DE 2004 | O33: 0 | R33: 0 | T33: 16.08 | U33: 160.876 | X33: 0 | Z33: =IF(AA33=0,"N.A.",((K33*L33)+(W33*X33))/AA33) -> N.A. | AA33: =+L33+X33 -> 0 | AC33: =IF(AD33=0,"N.A.",((E33*F33)+(Q33*R33))/AD33) -> N.A. | AD33: =+F33+R33 -> 0 | AF33: =IF(AG33=0,"N.A.",((H33*I33)+(T33*U33))/AG33) -> 16.08 | AG33: =+I33+U33 -> 160.876 | AI33: =IF(AJ33=0,"N.A.",((B33*C33)+(N33*O33))/AJ33) -> N.A. | AJ33: =+C33+O33 -> 0 | AL33: =+AA33+AG33 -> 160.876 | AM33: =+AB33+AH33 -> 0 | AN33: =+AD33+AJ33 -> 0 | AO33: =+AE33+AK33 -> 0
A34: AGOSTO DE 2004 | N34: 16.08 | O34: 38.5 | R34: 0 | T34: 16.08 | U34: 161.903 | X34: 0 | Z34: =IF(AA34=0,"N.A.",((K34*L34)+(W34*X34))/AA34) -> N.A. | AA34: =+L34+X34 -> 0 | AC34: =IF(AD34=0,"N.A.",((E34*F34)+(Q34*R34))/AD34) -> N.A. | AD34: =+F34+R34 -> 0 | AF34: =IF(AG34=0,"N.A.",((H34*I34)+(T34*U34))/AG34) -> 16.08 | AG34: =+I34+U34 -> 161.903 | AI34: =IF(AJ34=0,"N.A.",((B34*C34)+(N34*O34))/AJ34) -> 16.08 | AJ34: =+C34+O34 -> 38.5 | AL34: =+AA34+AG34 -> 161.903 | AM34: =+AB34+AH34 -> 0 | AN34: =+AD34+AJ34 -> 38.5 | AO34: =+AE34+AK34 -> 0
A35: SEPTIEMBRE DE 2004 | N35: 16.08 | O35: 75.9 | R35: 0 | T35: 16.08 | U35: 90.567 | X35: 0 | Z35: =IF(AA35=0,"N.A.",((K35*L35)+(W35*X35))/AA35) -> N.A. | AA35: =+L35+X35 -> 0 | AC35: =IF(AD35=0,"N.A.",((E35*F35)+(Q35*R35))/AD35) -> N.A. | AD35: =+F35+R35 -> 0 | AF35: =IF(AG35=0,"N.A.",((H35*I35)+(T35*U35))/AG35) -> 16.08 | AG35: =+I35+U35 -> 90.567 | AI35: =IF(AJ35=0,"N.A.",((B35*C35)+(N35*O35))/AJ35) -> 16.08 | AJ35: =+C35+O35 -> 75.9 | AL35: =+AA35+AG35 -> 90.567 | AM35: =+AB35+AH35 -> 0 | AN35: =+AD35+AJ35 -> 75.9 | AO35: =+AE35+AK35 -> 0
A36: OCTUBRE DE 2004 | N36: 16.08 | O36: 76.2 | R36: 0 | T36: 16.08 | U36: 76.51 | X36: 0 | Z36: =IF(AA36=0,"N.A.",((K36*L36)+(W36*X36))/AA36) -> N.A. | AA36: =+L36+X36 -> 0 | AC36: =IF(AD36=0,"N.A.",((E36*F36)+(Q36*R36))/AD36) -> N.A. | AD36: =+F36+R36 -> 0 | AF36: =IF(AG36=0,"N.A.",((H36*I36)+(T36*U36))/AG36) -> 16.08 | AG36: =+I36+U36 -> 76.51 | AI36: =IF(AJ36=0,"N.A.",((B36*C36)+(N36*O36))/AJ36) -> 16.08 | AJ36: =+C36+O36 -> 76.2 | AL36: =+AA36+AG36 -> 76.51 | AM36: =+AB36+AH36 -> 0 | AN36: =+AD36+AJ36 -> 76.2 | AO36: =+AE36+AK36 -> 0
A37: NOVIEMBRE DE 2004 | O37: 0 | R37: 0 | T37: 16.08 | U37: 84.83 | X37: 0 | Z37: =IF(AA37=0,"N.A.",((K37*L37)+(W37*X37))/AA37) -> N.A. | AA37: =+L37+X37 -> 0 | AC37: =IF(AD37=0,"N.A.",((E37*F37)+(Q37*R37))/AD37) -> N.A. | AD37: =+F37+R37 -> 0 | AF37: =IF(AG37=0,"N.A.",((H37*I37)+(T37*U37))/AG37) -> 16.08 | AG37: =+I37+U37 -> 84.83 | AI37: =IF(AJ37=0,"N.A.",((B37*C37)+(N37*O37))/AJ37) -> N.A. | AJ37: =+C37+O37 -> 0 | AL37: =+AA37+AG37 -> 84.83 | AM37: =+AB37+AH37 -> 0 | AN37: =+AD37+AJ37 -> 0 | AO37: =+AE37+AK37 -> 0
A38: DICIEMBRE DE 2004 | N38: 16.08 | O38: 33.6 | Q38: 13.91 | R38: 442.882 | T38: 16.08 | U38: 236.45 | X38: 0 | Z38: =IF(AA38=0,"N.A.",((K38*L38)+(W38*X38))/AA38) -> N.A. | AA38: =+L38+X38 -> 0 | AC38: =IF(AD38=0,"N.A.",((E38*F38)+(Q38*R38))/AD38) -> 13.91 | AD38: =+F38+R38 -> 442.882 | AF38: =IF(AG38=0,"N.A.",((H38*I38)+(T38*U38))/AG38) -> 16.08 | AG38: =+I38+U38 -> 236.45 | AI38: =IF(AJ38=0,"N.A.",((B38*C38)+(N38*O38))/AJ38) -> 16.08 | AJ38: =+C38+O38 -> 33.6 | AL38: =+AA38+AG38 -> 236.45 | AM38: =+AB38+AH38 -> 0 | AN38: =+AD38+AJ38 -> 476.482 | AO38: =+AE38+AK38 -> 0
A39: ENERO DE 2005 | O39: 0 | R39: 0 | T39: 16.08 | U39: 50.4 | X39: 0 | Z39: =IF(AA39=0,"N.A.",((K39*L39)+(W39*X39))/AA39) -> N.A. | AA39: =+L39+X39 -> 0 | AC39: =IF(AD39=0,"N.A.",((E39*F39)+(Q39*R39))/AD39) -> N.A. | AD39: =+F39+R39 -> 0 | AF39: =IF(AG39=0,"N.A.",((H39*I39)+(T39*U39))/AG39) -> 16.08 | AG39: =+I39+U39 -> 50.4 | AI39: =IF(AJ39=0,"N.A.",((B39*C39)+(N39*O39))/AJ39) -> N.A. | AJ39: =+C39+O39 -> 0 | AL39: =+AA39+AG39 -> 50.4 | AM39: =+AB39+AH39 -> 0 | AN39: =+AD39+AJ39 -> 0 | AO39: =+AE39+AK39 -> 0
A40: FEBRERO DE 2005 | N40: 16.08 | O40: 105 | Q40: 13.91 | R40: 37.581 | T40: 16.08 | U40: 50 | X40: 0 | Z40: =IF(AA40=0,"N.A.",((K40*L40)+(W40*X40))/AA40) -> N.A. | AA40: =+L40+X40 -> 0 | AC40: =IF(AD40=0,"N.A.",((E40*F40)+(Q40*R40))/AD40) -> 13.91 | AD40: =+F40+R40 -> 37.581 | AF40: =IF(AG40=0,"N.A.",((H40*I40)+(T40*U40))/AG40) -> 16.08 | AG40: =+I40+U40 -> 50 | AI40: =IF(AJ40=0,"N.A.",((B40*C40)+(N40*O40))/AJ40) -> 16.08 | AJ40: =+C40+O40 -> 105 | AL40: =+AA40+AG40 -> 50 | AM40: =+AB40+AH40 -> 0 | AN40: =+AD40+AJ40 -> 142.581 | AO40: =+AE40+AK40 -> 0
A41: MARZO DE 2005 | N41: 16.08 | O41: 35.204 | R41: 0 | T41: 16.08 | U41: 8.19 | X41: 0 | Z41: =IF(AA41=0,"N.A.",((K41*L41)+(W41*X41))/AA41) -> N.A. | AA41: =+L41+X41 -> 0 | AC41: =IF(AD41=0,"N.A.",((E41*F41)+(Q41*R41))/AD41) -> N.A. | AD41: =+F41+R41 -> 0 | AF41: =IF(AG41=0,"N.A.",((H41*I41)+(T41*U41))/AG41) -> 16.08 | AG41: =+I41+U41 -> 8.19 | AI41: =IF(AJ41=0,"N.A.",((B41*C41)+(N41*O41))/AJ41) -> 16.08 | AJ41: =+C41+O41 -> 35.204 | AL41: =+AA41+AG41 -> 8.19 | AM41: =+AB41+AH41 -> 0 | AN41: =+AD41+AJ41 -> 35.204 | AO41: =+AE41+AK41 -> 0
A42: ABRIL DE 2005 | N42: 16.08 | O42: 38.5 | R42: 0 | T42: 16.08 | U42: 175.095 | X42: 0 | Z42: =IF(AA42=0,"N.A.",((K42*L42)+(W42*X42))/AA42) -> N.A. | AA42: =+L42+X42 -> 0 | AC42: =IF(AD42=0,"N.A.",((E42*F42)+(Q42*R42))/AD42) -> N.A. | AD42: =+F42+R42 -> 0 | AF42: =IF(AG42=0,"N.A.",((H42*I42)+(T42*U42))/AG42) -> 16.08 | AG42: =+I42+U42 -> 175.095 | AI42: =IF(AJ42=0,"N.A.",((B42*C42)+(N42*O42))/AJ42) -> 16.08 | AJ42: =+C42+O42 -> 38.5 | AL42: =+AA42+AG42 -> 175.095 | AM42: =+AB42+AH42 -> 0 | AN42: =+AD42+AJ42 -> 38.5 | AO42: =+AE42+AK42 -> 0
A43: MAYO DE 2005 | O43: 0 | Q43: 13.91 | R43: 27 | T43: 16.01 | U43: 44.75 | X43: 0 | Z43: =IF(AA43=0,"N.A.",((K43*L43)+(W43*X43))/AA43) -> N.A. | AA43: =+L43+X43 -> 0 | AC43: =IF(AD43=0,"N.A.",((E43*F43)+(Q43*R43))/AD43) -> 13.91 | AD43: =+F43+R43 -> 27 | AF43: =IF(AG43=0,"N.A.",((H43*I43)+(T43*U43))/AG43) -> 16.01 | AG43: =+I43+U43 -> 44.75 | AI43: =IF(AJ43=0,"N.A.",((B43*C43)+(N43*O43))/AJ43) -> N.A. | AJ43: =+C43+O43 -> 0 | AL43: =+AA43+AG43 -> 44.75 | AM43: =+AB43+AH43 -> 0 | AN43: =+AD43+AJ43 -> 27 | AO43: =+AE43+AK43 -> 0
A44: JUNIO DE 2005 | N44: 16.08 | O44: 40.927 | R44: 0 | T44: 16.01 | U44: 30.24 | X44: 0 | Z44: =IF(AA44=0,"N.A.",((K44*L44)+(W44*X44))/AA44) -> N.A. | AA44: =+L44+X44 -> 0 | AC44: =IF(AD44=0,"N.A.",((E44*F44)+(Q44*R44))/AD44) -> N.A. | AD44: =+F44+R44 -> 0 | AF44: =IF(AG44=0,"N.A.",((H44*I44)+(T44*U44))/AG44) -> 16.01 | AG44: =+I44+U44 -> 30.24 | AI44: =IF(AJ44=0,"N.A.",((B44*C44)+(N44*O44))/AJ44) -> 16.08 | AJ44: =+C44+O44 -> 40.927 | AL44: =+AA44+AG44 -> 30.24 | AM44: =+AB44+AH44 -> 0 | AN44: =+AD44+AJ44 -> 40.927 | AO44: =+AE44+AK44 -> 0
A45: JULIO DE 2005 | O45: 0 | R45: 0 | T45: 15.83 | U45: 115.85 | X45: 0 | Z45: =IF(AA45=0,"N.A.",((K45*L45)+(W45*X45))/AA45) -> N.A. | AA45: =+L45+X45 -> 0 | AC45: =IF(AD45=0,"N.A.",((E45*F45)+(Q45*R45))/AD45) -> N.A. | AD45: =+F45+R45 -> 0 | AF45: =IF(AG45=0,"N.A.",((H45*I45)+(T45*U45))/AG45) -> 15.83 | AG45: =+I45+U45 -> 115.85 | AI45: =IF(AJ45=0,"N.A.",((B45*C45)+(N45*O45))/AJ45) -> N.A. | AJ45: =+C45+O45 -> 0 | AL45: =+AA45+AG45 -> 115.85 | AM45: =+AB45+AH45 -> 0 | AN45: =+AD45+AJ45 -> 0 | AO45: =+AE45+AK45 -> 0
A46: AGOSTO DE 2005 | N46: 16.08 | O46: 81.4 | R46: 0 | T46: 15.84 | U46: 100.35 | X46: 0 | Z46: =IF(AA46=0,"N.A.",((K46*L46)+(W46*X46))/AA46) -> N.A. | AA46: =+L46+X46 -> 0 | AC46: =IF(AD46=0,"N.A.",((E46*F46)+(Q46*R46))/AD46) -> N.A. | AD46: =+F46+R46 -> 0 | AF46: =IF(AG46=0,"N.A.",((H46*I46)+(T46*U46))/AG46) -> 15.84 | AG46: =+I46+U46 -> 100.35 | AI46: =IF(AJ46=0,"N.A.",((B46*C46)+(N46*O46))/AJ46) -> 16.08 | AJ46: =+C46+O46 -> 81.4 | AL46: =+AA46+AG46 -> 100.35 | AM46: =+AB46+AH46 -> 0 | AN46: =+AD46+AJ46 -> 81.4 | AO46: =+AE46+AK46 -> 0
A47: SEPTIEMBRE DE 2005 | O47: 0 | R47: 0 | T47: 15.89 | U47: 133.345 | X47: 0 | Z47: =IF(AA47=0,"N.A.",((K47*L47)+(W47*X47))/AA47) -> N.A. | AA47: =+L47+X47 -> 0 | AC47: =IF(AD47=0,"N.A.",((E47*F47)+(Q47*R47))/AD47) -> N.A. | AD47: =+F47+R47 -> 0 | AF47: =IF(AG47=0,"N.A.",((H47*I47)+(T47*U47))/AG47) -> 15.89 | AG47: =+I47+U47 -> 133.345 | AI47: =IF(AJ47=0,"N.A.",((B47*C47)+(N47*O47))/AJ47) -> N.A. | AJ47: =+C47+O47 -> 0 | AL47: =+AA47+AG47 -> 133.345 | AM47: =+AB47+AH47 -> 0 | AN47: =+AD47+AJ47 -> 0 | AO47: =+AE47+AK47 -> 0
A48: OCTUBRE DE 2005 | O48: 0 | R48: 0 | T48: 15.88 | U48: 32.2 | X48: 0 | Z48: =IF(AA48=0,"N.A.",((K48*L48)+(W48*X48))/AA48) -> N.A. | AA48: =+L48+X48 -> 0 | AC48: =IF(AD48=0,"N.A.",((E48*F48)+(Q48*R48))/AD48) -> N.A. | AD48: =+F48+R48 -> 0 | AF48: =IF(AG48=0,"N.A.",((H48*I48)+(T48*U48))/AG48) -> 15.88 | AG48: =+I48+U48 -> 32.2 | AI48: =IF(AJ48=0,"N.A.",((B48*C48)+(N48*O48))/AJ48) -> N.A. | AJ48: =+C48+O48 -> 0 | AL48: =+AA48+AG48 -> 32.2 | AM48: =+AB48+AH48 -> 0 | AN48: =+AD48+AJ48 -> 0 | AO48: =+AE48+AK48 -> 0
A49: NOVIEMBRE DE 2005 | N49: 16.08 | O49: 86.5 | Q49: 13.91 | R49: 45 | T49: 16.07 | U49: 82.33 | X49: 0 | Z49: =IF(AA49=0,"N.A.",((K49*L49)+(W49*X49))/AA49) -> N.A. | AA49: =+L49+X49 -> 0 | AC49: =IF(AD49=0,"N.A.",((E49*F49)+(Q49*R49))/AD49) -> 13.91 | AD49: =+F49+R49 -> 45 | AF49: =IF(AG49=0,"N.A.",((H49*I49)+(T49*U49))/AG49) -> 16.07 | AG49: =+I49+U49 -> 82.33 | AI49: =IF(AJ49=0,"N.A.",((B49*C49)+(N49*O49))/AJ49) -> 16.08 | AJ49: =+C49+O49 -> 86.5 | AL49: =+AA49+AG49 -> 82.33 | AM49: =+AB49+AH49 -> 0 | AN49: =+AD49+AJ49 -> 131.5 | AO49: =+AE49+AK49 -> 0
A50: DICIEMBRE DE 2005 | N50: 16.08 | O50: 43 | R50: 0 | T50: 16.08 | U50: 51.65 | X50: 0 | Z50: =IF(AA50=0,"N.A.",((K50*L50)+(W50*X50))/AA50) -> N.A. | AA50: =+L50+X50 -> 0 | AC50: =IF(AD50=0,"N.A.",((E50*F50)+(Q50*R50))/AD50) -> N.A. | AD50: =+F50+R50 -> 0 | AF50: =IF(AG50=0,"N.A.",((H50*I50)+(T50*U50))/AG50) -> 16.08 | AG50: =+I50+U50 -> 51.65 | AI50: =IF(AJ50=0,"N.A.",((B50*C50)+(N50*O50))/AJ50) -> 16.08 | AJ50: =+C50+O50 -> 43 | AL50: =+AA50+AG50 -> 51.65 | AM50: =+AB50+AH50 -> 0 | AN50: =+AD50+AJ50 -> 43 | AO50: =+AE50+AK50 -> 0
A51: ENERO DE 2006 | O51: 0 | Q51: 10 | R51: 38.957 | T51: 16.03 | U51: 70.15 | X51: 0 | Z51: =IF(AA51=0,"N.A.",((K51*L51)+(W51*X51))/AA51) -> N.A. | AA51: =+L51+X51 -> 0 | AC51: =IF(AD51=0,"N.A.",((E51*F51)+(Q51*R51))/AD51) -> 10 | AD51: =+F51+R51 -> 38.957 | AF51: =IF(AG51=0,"N.A.",((H51*I51)+(T51*U51))/AG51) -> 16.03 | AG51: =+I51+U51 -> 70.15 | AI51: =IF(AJ51=0,"N.A.",((B51*C51)+(N51*O51))/AJ51) -> N.A. | AJ51: =+C51+O51 -> 0 | AL51: =+AA51+AG51 -> 70.15 | AM51: =+AB51+AH51 -> 0 | AN51: =+AD51+AJ51 -> 38.957 | AO51: =+AE51+AK51 -> 0
A52: FEBRERO DE 2006 | O52: 0 | R52: 0 | T52: 15.86 | U52: 48.1 | X52: 0 | Z52: =IF(AA52=0,"N.A.",((K52*L52)+(W52*X52))/AA52) -> N.A. | AA52: =+L52+X52 -> 0 | AC52: =IF(AD52=0,"N.A.",((E52*F52)+(Q52*R52))/AD52) -> N.A. | AD52: =+F52+R52 -> 0 | AF52: =IF(AG52=0,"N.A.",((H52*I52)+(T52*U52))/AG52) -> 15.86 | AG52: =+I52+U52 -> 48.1 | AI52: =IF(AJ52=0,"N.A.",((B52*C52)+(N52*O52))/AJ52) -> N.A. | AJ52: =+C52+O52 -> 0 | AL52: =+AA52+AG52 -> 48.1 | AM52: =+AB52+AH52 -> 0 | AN52: =+AD52+AJ52 -> 0 | AO52: =+AE52+AK52 -> 0
A53: MARZO DE 2006 | N53: 16.08 | O53: 68.3 | R53: 0 | T53: 15.49 | U53: 25.34 | X53: 0 | Z53: =IF(AA53=0,"N.A.",((K53*L53)+(W53*X53))/AA53) -> N.A. | AA53: =+L53+X53 -> 0 | AC53: =IF(AD53=0,"N.A.",((E53*F53)+(Q53*R53))/AD53) -> N.A. | AD53: =+F53+R53 -> 0 | AF53: =IF(AG53=0,"N.A.",((H53*I53)+(T53*U53))/AG53) -> 15.49 | AG53: =+I53+U53 -> 25.34 | AI53: =IF(AJ53=0,"N.A.",((B53*C53)+(N53*O53))/AJ53) -> 16.08 | AJ53: =+C53+O53 -> 68.3 | AL53: =+AA53+AG53 -> 25.34 | AM53: =+AB53+AH53 -> 0 | AN53: =+AD53+AJ53 -> 68.3 | AO53: =+AE53+AK53 -> 0
A54: ABRIL DE 2006 | N54: 16.08 | O54: 67 | R54: 0 | T54: 15.19919 | U54: 85.2 | X54: 0 | Z54: =IF(AA54=0,"N.A.",((K54*L54)+(W54*X54))/AA54) -> N.A. | AA54: =+L54+X54 -> 0 | AC54: =IF(AD54=0,"N.A.",((E54*F54)+(Q54*R54))/AD54) -> N.A. | AD54: =+F54+R54 -> 0 | AF54: =IF(AG54=0,"N.A.",((H54*I54)+(T54*U54))/AG54) -> 15.19919 | AG54: =+I54+U54 -> 85.2 | AI54: =IF(AJ54=0,"N.A.",((B54*C54)+(N54*O54))/AJ54) -> 16.08 | AJ54: =+C54+O54 -> 67 | AL54: =+AA54+AG54 -> 85.2 | AM54: =+AB54+AH54 -> 0 | AN54: =+AD54+AJ54 -> 67 | AO54: =+AE54+AK54 -> 0
A55: MAYO DE 2006 | N55: 16.08 | O55: 42.527 | R55: 0 | T55: 15.13 | U55: 82.9 | X55: 0 | Z55: =IF(AA55=0,"N.A.",((K55*L55)+(W55*X55))/AA55) -> N.A. | AA55: =+L55+X55 -> 0 | AC55: =IF(AD55=0,"N.A.",((E55*F55)+(Q55*R55))/AD55) -> N.A. | AD55: =+F55+R55 -> 0 | AF55: =IF(AG55=0,"N.A.",((H55*I55)+(T55*U55))/AG55) -> 15.13 | AG55: =+I55+U55 -> 82.9 | AI55: =IF(AJ55=0,"N.A.",((B55*C55)+(N55*O55))/AJ55) -> 16.08 | AJ55: =+C55+O55 -> 42.527 | AL55: =+AA55+AG55 -> 82.9 | AM55: =+AB55+AH55 -> 0 | AN55: =+AD55+AJ55 -> 42.527 | AO55: =+AE55+AK55 -> 0
A56: JUNIO DE 2006 | O56: 0 | R56: 0 | T56: 15.1 | U56: 32.9 | X56: 0 | Z56: =IF(AA56=0,"N.A.",((K56*L56)+(W56*X56))/AA56) -> N.A. | AA56: =+L56+X56 -> 0 | AC56: =IF(AD56=0,"N.A.",((E56*F56)+(Q56*R56))/AD56) -> N.A. | AD56: =+F56+R56 -> 0 | AF56: =IF(AG56=0,"N.A.",((H56*I56)+(T56*U56))/AG56) -> 15.1 | AG56: =+I56+U56 -> 32.9 | AI56: =IF(AJ56=0,"N.A.",((B56*C56)+(N56*O56))/AJ56) -> N.A. | AJ56: =+C56+O56 -> 0 | AL56: =+AA56+AG56 -> 32.9 | AM56: =+AB56+AH56 -> 0 | AN56: =+AD56+AJ56 -> 0 | AO56: =+AE56+AK56 -> 0
A57: JULIO DE 2006 | O57: 0 | R57: 0 | T57: 15.01 | U57: 71.8 | X57: 0 | Z57: =IF(AA57=0,"N.A.",((K57*L57)+(W57*X57))/AA57) -> N.A. | AA57: =+L57+X57 -> 0 | AC57: =IF(AD57=0,"N.A.",((E57*F57)+(Q57*R57))/AD57) -> N.A. | AD57: =+F57+R57 -> 0 | AF57: =IF(AG57=0,"N.A.",((H57*I57)+(T57*U57))/AG57) -> 15.01 | AG57: =+I57+U57 -> 71.8 | AI57: =IF(AJ57=0,"N.A.",((B57*C57)+(N57*O57))/AJ57) -> N.A. | AJ57: =+C57+O57 -> 0 | AL57: =+AA57+AG57 -> 71.8 | AM57: =+AB57+AH57 -> 0 | AN57: =+AD57+AJ57 -> 0 | AO57: =+AE57+AK57 -> 0
A58: AGOSTO DE 2006 | O58: 0 | R58: 0 | T58: 15.06 | U58: 41.9 | X58: 0 | Z58: =IF(AA58=0,"N.A.",((K58*L58)+(W58*X58))/AA58) -> N.A. | AA58: =+L58+X58 -> 0 | AC58: =IF(AD58=0,"N.A.",((E58*F58)+(Q58*R58))/AD58) -> N.A. | AD58: =+F58+R58 -> 0 | AF58: =IF(AG58=0,"N.A.",((H58*I58)+(T58*U58))/AG58) -> 15.06 | AG58: =+I58+U58 -> 41.9 | AI58: =IF(AJ58=0,"N.A.",((B58*C58)+(N58*O58))/AJ58) -> N.A. | AJ58: =+C58+O58 -> 0 | AL58: =+AA58+AG58 -> 41.9 | AM58: =+AB58+AH58 -> 0 | AN58: =+AD58+AJ58 -> 0 | AO58: =+AE58+AK58 -> 0
A59: SEPTIEMBRE DE 2006 | O59: 0 | R59: 0 | T59: 14.27 | U59: 122.31 | X59: 0 | Z59: =IF(AA59=0,"N.A.",((K59*L59)+(W59*X59))/AA59) -> N.A. | AA59: =+L59+X59 -> 0 | AC59: =IF(AD59=0,"N.A.",((E59*F59)+(Q59*R59))/AD59) -> N.A. | AD59: =+F59+R59 -> 0 | AF59: =IF(AG59=0,"N.A.",((H59*I59)+(T59*U59))/AG59) -> 14.27 | AG59: =+I59+U59 -> 122.31 | AI59: =IF(AJ59=0,"N.A.",((B59*C59)+(N59*O59))/AJ59) -> N.A. | AJ59: =+C59+O59 -> 0 | AL59: =+AA59+AG59 -> 122.31 | AM59: =+AB59+AH59 -> 0 | AN59: =+AD59+AJ59 -> 0 | AO59: =+AE59+AK59 -> 0
A60: OCTUBRE DE 2006 | O60: 0 | R60: 0 | U60: 0 | X60: 0 | Z60: =IF(AA60=0,"N.A.",((K60*L60)+(W60*X60))/AA60) -> N.A. | AA60: =+L60+X60 -> 0 | AC60: =IF(AD60=0,"N.A.",((E60*F60)+(Q60*R60))/AD60) -> N.A. | AD60: =+F60+R60 -> 0 | AF60: =IF(AG60=0,"N.A.",((H60*I60)+(T60*U60))/AG60) -> N.A. | AG60: =+I60+U60 -> 0 | AI60: =IF(AJ60=0,"N.A.",((B60*C60)+(N60*O60))/AJ60) -> N.A. | AJ60: =+C60+O60 -> 0 | AL60: =+AA60+AG60 -> 0 | AM60: =+AB60+AH60 -> 0 | AN60: =+AD60+AJ60 -> 0 | AO60: =+AE60+AK60 -> 0
A61: NOVIEMBRE DE 2006 | O61: 0 | R61: 0 | T61: 15.55 | U61: 45.9 | X61: 0 | Z61: =IF(AA61=0,"N.A.",((K61*L61)+(W61*X61))/AA61) -> N.A. | AA61: =+L61+X61 -> 0 | AC61: =IF(AD61=0,"N.A.",((E61*F61)+(Q61*R61))/AD61) -> N.A. | AD61: =+F61+R61 -> 0 | AF61: =IF(AG61=0,"N.A.",((H61*I61)+(T61*U61))/AG61) -> 15.55 | AG61: =+I61+U61 -> 45.9 | AI61: =IF(AJ61=0,"N.A.",((B61*C61)+(N61*O61))/AJ61) -> N.A. | AJ61: =+C61+O61 -> 0 | AL61: =+AA61+AG61 -> 45.9 | AM61: =+AB61+AH61 -> 0 | AN61: =+AD61+AJ61 -> 0 | AO61: =+AE61+AK61 -> 0
A62: DICIEMBRE DE 2006 | O62: 0 | R62: 0 | T62: 15.24 | U62: 38.15 | X62: 0 | Z62: =IF(AA62=0,"N.A.",((K62*L62)+(W62*X62))/AA62) -> N.A. | AA62: =+L62+X62 -> 0 | AC62: =IF(AD62=0,"N.A.",((E62*F62)+(Q62*R62))/AD62) -> N.A. | AD62: =+F62+R62 -> 0 | AF62: =IF(AG62=0,"N.A.",((H62*I62)+(T62*U62))/AG62) -> 15.24 | AG62: =+I62+U62 -> 38.15 | AI62: =IF(AJ62=0,"N.A.",((B62*C62)+(N62*O62))/AJ62) -> N.A. | AJ62: =+C62+O62 -> 0 | AL62: =+AA62+AG62 -> 38.15 | AM62: =+AB62+AH62 -> 0 | AN62: =+AD62+AJ62 -> 0 | AO62: =+AE62+AK62 -> 0
A63: ENERO DE 2007 | O63: 0 | R63: 0 | T63: 15.4 | U63: 25.05 | X63: 0 | Z63: =IF(AA63=0,"N.A.",((K63*L63)+(W63*X63))/AA63) -> N.A. | AA63: =+L63+X63 -> 0 | AC63: =IF(AD63=0,"N.A.",((E63*F63)+(Q63*R63))/AD63) -> N.A. | AD63: =+F63+R63 -> 0 | AF63: =IF(AG63=0,"N.A.",((H63*I63)+(T63*U63))/AG63) -> 15.4 | AG63: =+I63+U63 -> 25.05 | AI63: =IF(AJ63=0,"N.A.",((B63*C63)+(N63*O63))/AJ63) -> N.A. | AJ63: =+C63+O63 -> 0 | AL63: =+AA63+AG63 -> 25.05 | AM63: =+AB63+AH63 -> 0 | AN63: =+AD63+AJ63 -> 0 | AO63: =+AE63+AK63 -> 0
A64: FEBRERO DE 2007 | O64: 0 | R64: 0 | U64: 0 | X64: 0 | Z64: =IF(AA64=0,"N.A.",((K64*L64)+(W64*X64))/AA64) -> N.A. | AA64: =+L64+X64 -> 0 | AC64: =IF(AD64=0,"N.A.",((E64*F64)+(Q64*R64))/AD64) -> N.A. | AD64: =+F64+R64 -> 0 | AF64: =IF(AG64=0,"N.A.",((H64*I64)+(T64*U64))/AG64) -> N.A. | AG64: =+I64+U64 -> 0 | AI64: =IF(AJ64=0,"N.A.",((B64*C64)+(N64*O64))/AJ64) -> N.A. | AJ64: =+C64+O64 -> 0 | AL64: =+AA64+AG64 -> 0 | AM64: =+AB64+AH64 -> 0 | AN64: =+AD64+AJ64 -> 0 | AO64: =+AE64+AK64 -> 0
A65: MARZO DE 2007 | N65: 12 | O65: 75 | R65: 0 | T65: 15.74 | U65: 14.49 | W65: 11 | X65: 51.95 | Z65: =IF(AA65=0,"N.A.",((K65*L65)+(W65*X65))/AA65) -> 11 | AA65: =+L65+X65 -> 51.95 | AC65: =IF(AD65=0,"N.A.",((E65*F65)+(Q65*R65))/AD65) -> N.A. | AD65: =+F65+R65 -> 0 | AF65: =IF(AG65=0,"N.A.",((H65*I65)+(T65*U65))/AG65) -> 15.74 | AG65: =+I65+U65 -> 14.49 | AI65: =IF(AJ65=0,"N.A.",((B65*C65)+(N65*O65))/AJ65) -> 12 | AJ65: =+C65+O65 -> 75 | AL65: =+AA65+AG65 -> 66.44 | AM65: =+AB65+AH65 -> 0 | AN65: =+AD65+AJ65 -> 75 | AO65: =+AE65+AK65 -> 0
A66: ABRIL DE 2007 | N66: 16.08 | O66: 33.605 | R66: 0 | T66: 16.08 | U66: 48.95 | X66: 0 | Z66: =IF(AA66=0,"N.A.",((K66*L66)+(W66*X66))/AA66) -> N.A. | AA66: =+L66+X66 -> 0 | AC66: =IF(AD66=0,"N.A.",((E66*F66)+(Q66*R66))/AD66) -> N.A. | AD66: =+F66+R66 -> 0 | AF66: =IF(AG66=0,"N.A.",((H66*I66)+(T66*U66))/AG66) -> 16.08 | AG66: =+I66+U66 -> 48.95 | AI66: =IF(AJ66=0,"N.A.",((B66*C66)+(N66*O66))/AJ66) -> 16.08 | AJ66: =+C66+O66 -> 33.605 | AL66: =+AA66+AG66 -> 48.95 | AM66: =+AB66+AH66 -> 0 | AN66: =+AD66+AJ66 -> 33.605 | AO66: =+AE66+AK66 -> 0
A67: MAYO DE 2007 | O67: 0 | R67: 0 | T67: 16.08 | U67: 11.1 | X67: 0 | Z67: =IF(AA67=0,"N.A.",((K67*L67)+(W67*X67))/AA67) -> N.A. | AA67: =+L67+X67 -> 0 | AC67: =IF(AD67=0,"N.A.",((E67*F67)+(Q67*R67))/AD67) -> N.A. | AD67: =+F67+R67 -> 0 | AF67: =IF(AG67=0,"N.A.",((H67*I67)+(T67*U67))/AG67) -> 16.08 | AG67: =+I67+U67 -> 11.1 | AI67: =IF(AJ67=0,"N.A.",((B67*C67)+(N67*O67))/AJ67) -> N.A. | AJ67: =+C67+O67 -> 0 | AL67: =+AA67+AG67 -> 11.1 | AM67: =+AB67+AH67 -> 0 | AN67: =+AD67+AJ67 -> 0 | AO67: =+AE67+AK67 -> 0
A68: JUNIO DE 2007 | N68: 16.08 | O68: 51 | R68: 0 | U68: 0 | X68: 0 | Z68: =IF(AA68=0,"N.A.",((K68*L68)+(W68*X68))/AA68) -> N.A. | AA68: =+L68+X68 -> 0 | AC68: =IF(AD68=0,"N.A.",((E68*F68)+(Q68*R68))/AD68) -> N.A. | AD68: =+F68+R68 -> 0 | AF68: =IF(AG68=0,"N.A.",((H68*I68)+(T68*U68))/AG68) -> N.A. | AG68: =+I68+U68 -> 0 | AI68: =IF(AJ68=0,"N.A.",((B68*C68)+(N68*O68))/AJ68) -> 16.08 | AJ68: =+C68+O68 -> 51 | AL68: =+AA68+AG68 -> 0 | AM68: =+AB68+AH68 -> 0 | AN68: =+AD68+AJ68 -> 51 | AO68: =+AE68+AK68 -> 0
A69: JULIO DE 2007 | O69: 0 | R69: 0 | U69: 0 | X69: 0 | Z69: =IF(AA69=0,"N.A.",((K69*L69)+(W69*X69))/AA69) -> N.A. | AA69: =+L69+X69 -> 0 | AC69: =IF(AD69=0,"N.A.",((E69*F69)+(Q69*R69))/AD69) -> N.A. | AD69: =+F69+R69 -> 0 | AF69: =IF(AG69=0,"N.A.",((H69*I69)+(T69*U69))/AG69) -> N.A. | AG69: =+I69+U69 -> 0 | AI69: =IF(AJ69=0,"N.A.",((B69*C69)+(N69*O69))/AJ69) -> N.A. | AJ69: =+C69+O69 -> 0 | AL69: =+AA69+AG69 -> 0 | AM69: =+AB69+AH69 -> 0 | AN69: =+AD69+AJ69 -> 0 | AO69: =+AE69+AK69 -> 0
A70: AGOSTO DE 2007 | O70: 0 | R70: 0 | T70: 16.97 | U70: 38.95 | X70: 0 | Z70: =IF(AA70=0,"N.A.",((K70*L70)+(W70*X70))/AA70) -> N.A. | AA70: =+L70+X70 -> 0 | AC70: =IF(AD70=0,"N.A.",((E70*F70)+(Q70*R70))/AD70) -> N.A. | AD70: =+F70+R70 -> 0 | AF70: =IF(AG70=0,"N.A.",((H70*I70)+(T70*U70))/AG70) -> 16.97 | AG70: =+I70+U70 -> 38.95 | AI70: =IF(AJ70=0,"N.A.",((B70*C70)+(N70*O70))/AJ70) -> N.A. | AJ70: =+C70+O70 -> 0 | AL70: =+AA70+AG70 -> 38.95 | AM70: =+AB70+AH70 -> 0 | AN70: =+AD70+AJ70 -> 0 | AO70: =+AE70+AK70 -> 0
A71: SEPTIEMBRE DE 2007 | O71: 0 | R71: 0 | U71: 0 | X71: 0 | Z71: =IF(AA71=0,"N.A.",((K71*L71)+(W71*X71))/AA71) -> N.A. | AA71: =+L71+X71 -> 0 | AC71: =IF(AD71=0,"N.A.",((E71*F71)+(Q71*R71))/AD71) -> N.A. | AD71: =+F71+R71 -> 0 | AF71: =IF(AG71=0,"N.A.",((H71*I71)+(T71*U71))/AG71) -> N.A. | AG71: =+I71+U71 -> 0 | AI71: =IF(AJ71=0,"N.A.",((B71*C71)+(N71*O71))/AJ71) -> N.A. | AJ71: =+C71+O71 -> 0 | AL71: =+AA71+AG71 -> 0 | AM71: =+AB71+AH71 -> 0 | AN71: =+AD71+AJ71 -> 0 | AO71: =+AE71+AK71 -> 0
A72: OCTUBRE DE 2007 | N72: 17.89 | O72: 60 | R72: 0 | T72: 16.13 | U72: 19.8 | X72: 0 | Z72: =IF(AA72=0,"N.A.",((K72*L72)+(W72*X72))/AA72) -> N.A. | AA72: =+L72+X72 -> 0 | AC72: =IF(AD72=0,"N.A.",((E72*F72)+(Q72*R72))/AD72) -> N.A. | AD72: =+F72+R72 -> 0 | AF72: =IF(AG72=0,"N.A.",((H72*I72)+(T72*U72))/AG72) -> 16.13 | AG72: =+I72+U72 -> 19.8 | AI72: =IF(AJ72=0,"N.A.",((B72*C72)+(N72*O72))/AJ72) -> 17.89 | AJ72: =+C72+O72 -> 60 | AL72: =+AA72+AG72 -> 19.8 | AM72: =+AB72+AH72 -> 0 | AN72: =+AD72+AJ72 -> 60 | AO72: =+AE72+AK72 -> 0
A73: NOVIEMBRE DE 2007 | O73: 0 | R73: 0 | U73: 0 | X73: 0 | Z73: =IF(AA73=0,"N.A.",((K73*L73)+(W73*X73))/AA73) -> N.A. | AA73: =+L73+X73 -> 0 | AC73: =IF(AD73=0,"N.A.",((E73*F73)+(Q73*R73))/AD73) -> N.A. | AD73: =+F73+R73 -> 0 | AF73: =IF(AG73=0,"N.A.",((H73*I73)+(T73*U73))/AG73) -> N.A. | AG73: =+I73+U73 -> 0 | AI73: =IF(AJ73=0,"N.A.",((B73*C73)+(N73*O73))/AJ73) -> N.A. | AJ73: =+C73+O73 -> 0 | AL73: =+AA73+AG73 -> 0 | AM73: =+AB73+AH73 -> 0 | AN73: =+AD73+AJ73 -> 0 | AO73: =+AE73+AK73 -> 0
A74: DICIEMBRE DE 2007 | O74: 0 | R74: 0 | T74: 16.22 | U74: 34.6 | X74: 0 | Z74: =IF(AA74=0,"N.A.",((K74*L74)+(W74*X74))/AA74) -> N.A. | AA74: =+L74+X74 -> 0 | AC74: =IF(AD74=0,"N.A.",((E74*F74)+(Q74*R74))/AD74) -> N.A. | AD74: =+F74+R74 -> 0 | AF74: =IF(AG74=0,"N.A.",((H74*I74)+(T74*U74))/AG74) -> 16.22 | AG74: =+I74+U74 -> 34.6 | AI74: =IF(AJ74=0,"N.A.",((B74*C74)+(N74*O74))/AJ74) -> N.A. | AJ74: =+C74+O74 -> 0 | AL74: =+AA74+AG74 -> 34.6 | AM74: =+AB74+AH74 -> 0 | AN74: =+AD74+AJ74 -> 0 | AO74: =+AE74+AK74 -> 0
A75: ENERO DE 2008 | O75: 0 | R75: 0 | U75: 0 | X75: 0 | Z75: =IF(AA75=0,"N.A.",((K75*L75)+(W75*X75))/AA75) -> N.A. | AA75: =+L75+X75 -> 0 | AC75: =IF(AD75=0,"N.A.",((E75*F75)+(Q75*R75))/AD75) -> N.A. | AD75: =+F75+R75 -> 0 | AF75: =IF(AG75=0,"N.A.",((H75*I75)+(T75*U75))/AG75) -> N.A. | AG75: =+I75+U75 -> 0 | AI75: =IF(AJ75=0,"N.A.",((B75*C75)+(N75*O75))/AJ75) -> N.A. | AJ75: =+C75+O75 -> 0 | AL75: =+AA75+AG75 -> 0 | AM75: =+AB75+AH75 -> 0 | AN75: =+AD75+AJ75 -> 0 | AO75: =+AE75+AK75 -> 0
A76: FEBRERO DE 2008 | O76: 0 | R76: 0 | U76: 0 | X76: 0 | Z76: =IF(AA76=0,"N.A.",((K76*L76)+(W76*X76))/AA76) -> N.A. | AA76: =+L76+X76 -> 0 | AC76: =IF(AD76=0,"N.A.",((E76*F76)+(Q76*R76))/AD76) -> N.A. | AD76: =+F76+R76 -> 0 | AF76: =IF(AG76=0,"N.A.",((H76*I76)+(T76*U76))/AG76) -> N.A. | AG76: =+I76+U76 -> 0 | AI76: =IF(AJ76=0,"N.A.",((B76*C76)+(N76*O76))/AJ76) -> N.A. | AJ76: =+C76+O76 -> 0 | AL76: =+AA76+AG76 -> 0 | AM76: =+AB76+AH76 -> 0 | AN76: =+AD76+AJ76 -> 0 | AO76: =+AE76+AK76 -> 0
A77: MARZO DE 2008 | O77: 0 | R77: 0 | U77: 0 | X77: 0 | Z77: =IF(AA77=0,"N.A.",((K77*L77)+(W77*X77))/AA77) -> N.A. | AA77: =+L77+X77 -> 0 | AC77: =IF(AD77=0,"N.A.",((E77*F77)+(Q77*R77))/AD77) -> N.A. | AD77: =+F77+R77 -> 0 | AF77: =IF(AG77=0,"N.A.",((H77*I77)+(T77*U77))/AG77) -> N.A. | AG77: =+I77+U77 -> 0 | AI77: =IF(AJ77=0,"N.A.",((B77*C77)+(N77*O77))/AJ77) -> N.A. | AJ77: =+C77+O77 -> 0 | AL77: =+AA77+AG77 -> 0 | AM77: =+AB77+AH77 -> 0 | AN77: =+AD77+AJ77 -> 0 | AO77: =+AE77+AK77 -> 0
A78: ABRIL DE 2008 | O78: 0 | R78: 0 | T78: 17.09 | U78: 31.05 | X78: 0 | Z78: =IF(AA78=0,"N.A.",((K78*L78)+(W78*X78))/AA78) -> N.A. | AA78: =+L78+X78 -> 0 | AC78: =IF(AD78=0,"N.A.",((E78*F78)+(Q78*R78))/AD78) -> N.A. | AD78: =+F78+R78 -> 0 | AF78: =IF(AG78=0,"N.A.",((H78*I78)+(T78*U78))/AG78) -> 17.09 | AG78: =+I78+U78 -> 31.05 | AI78: =IF(AJ78=0,"N.A.",((B78*C78)+(N78*O78))/AJ78) -> N.A. | AJ78: =+C78+O78 -> 0 | AL78: =+AA78+AG78 -> 31.05 | AM78: =+AB78+AH78 -> 0 | AN78: =+AD78+AJ78 -> 0 | AO78: =+AE78+AK78 -> 0
A79: MAYO DE 2008 | O79: 0 | R79: 0 | X79: 0 | Z79: =IF(AA79=0,"N.A.",((K79*L79)+(W79*X79))/AA79) -> N.A. | AA79: =+L79+X79 -> 0 | AC79: =IF(AD79=0,"N.A.",((E79*F79)+(Q79*R79))/AD79) -> N.A. | AD79: =+F79+R79 -> 0 | AF79: =IF(AG79=0,"N.A.",((H79*I79)+(T79*U79))/AG79) -> N.A. | AG79: =+I79+U79 -> 0 | AI79: =IF(AJ79=0,"N.A.",((B79*C79)+(N79*O79))/AJ79) -> N.A. | AJ79: =+C79+O79 -> 0 | AL79: =+AA79+AG79 -> 0 | AM79: =+AB79+AH79 -> 0 | AN79: =+AD79+AJ79 -> 0 | AO79: =+AE79+AK79 -> 0
A80: JUNIO DE 2008 | O80: 0 | R80: 0 | X80: 0 | Z80: =IF(AA80=0,"N.A.",((K80*L80)+(W80*X80))/AA80) -> N.A. | AA80: =+L80+X80 -> 0 | AC80: =IF(AD80=0,"N.A.",((E80*F80)+(Q80*R80))/AD80) -> N.A. | AD80: =+F80+R80 -> 0 | AF80: =IF(AG80=0,"N.A.",((H80*I80)+(T80*U80))/AG80) -> N.A. | AG80: =+I80+U80 -> 0 | AI80: =IF(AJ80=0,"N.A.",((B80*C80)+(N80*O80))/AJ80) -> N.A. | AJ80: =+C80+O80 -> 0 | AL80: =+AA80+AG80 -> 0 | AM80: =+AB80+AH80 -> 0 | AN80: =+AD80+AJ80 -> 0 | AO80: =+AE80+AK80 -> 0
A81: JULIO DE 2008 | O81: 0 | R81: 0 | X81: 0 | Z81: =IF(AA81=0,"N.A.",((K81*L81)+(W81*X81))/AA81) -> N.A. | AA81: =+L81+X81 -> 0 | AC81: =IF(AD81=0,"N.A.",((E81*F81)+(Q81*R81))/AD81) -> N.A. | AD81: =+F81+R81 -> 0 | AF81: =IF(AG81=0,"N.A.",((H81*I81)+(T81*U81))/AG81) -> N.A. | AG81: =+I81+U81 -> 0 | AI81: =IF(AJ81=0,"N.A.",((B81*C81)+(N81*O81))/AJ81) -> N.A. | AJ81: =+C81+O81 -> 0 | AL81: =+AA81+AG81 -> 0 | AM81: =+AB81+AH81 -> 0 | AN81: =+AD81+AJ81 -> 0 | AO81: =+AE81+AK81 -> 0
A82: AGOSTO DE 2008 | O82: 0 | R82: 0 | X82: 0 | Z82: =IF(AA82=0,"N.A.",((K82*L82)+(W82*X82))/AA82) -> N.A. | AA82: =+L82+X82 -> 0 | AC82: =IF(AD82=0,"N.A.",((E82*F82)+(Q82*R82))/AD82) -> N.A. | AD82: =+F82+R82 -> 0 | AF82: =IF(AG82=0,"N.A.",((H82*I82)+(T82*U82))/AG82) -> N.A. | AG82: =+I82+U82 -> 0 | AI82: =IF(AJ82=0,"N.A.",((B82*C82)+(N82*O82))/AJ82) -> N.A. | AJ82: =+C82+O82 -> 0 | AL82: =+AA82+AG82 -> 0 | AM82: =+AB82+AH82 -> 0 | AN82: =+AD82+AJ82 -> 0 | AO82: =+AE82+AK82 -> 0
A83: SEPTIEMBRE DE 2008 | O83: 0 | R83: 0 | X83: 0 | Z83: =IF(AA83=0,"N.A.",((K83*L83)+(W83*X83))/AA83) -> N.A. | AA83: =+L83+X83 -> 0 | AC83: =IF(AD83=0,"N.A.",((E83*F83)+(Q83*R83))/AD83) -> N.A. | AD83: =+F83+R83 -> 0 | AF83: =IF(AG83=0,"N.A.",((H83*I83)+(T83*U83))/AG83) -> N.A. | AG83: =+I83+U83 -> 0 | AI83: =IF(AJ83=0,"N.A.",((B83*C83)+(N83*O83))/AJ83) -> N.A. | AJ83: =+C83+O83 -> 0 | AL83: =+AA83+AG83 -> 0 | AM83: =+AB83+AH83 -> 0 | AN83: =+AD83+AJ83 -> 0 | AO83: =+AE83+AK83 -> 0
A84: OCTUBRE DE 2008 | O84: 0 | R84: 0 | X84: 0 | Z84: =IF(AA84=0,"N.A.",((K84*L84)+(W84*X84))/AA84) -> N.A. | AA84: =+L84+X84 -> 0 | AC84: =IF(AD84=0,"N.A.",((E84*F84)+(Q84*R84))/AD84) -> N.A. | AD84: =+F84+R84 -> 0 | AF84: =IF(AG84=0,"N.A.",((H84*I84)+(T84*U84))/AG84) -> N.A. | AG84: =+I84+U84 -> 0 | AI84: =IF(AJ84=0,"N.A.",((B84*C84)+(N84*O84))/AJ84) -> N.A. | AJ84: =+C84+O84 -> 0 | AL84: =+AA84+AG84 -> 0 | AM84: =+AB84+AH84 -> 0 | AN84: =+AD84+AJ84 -> 0 | AO84: =+AE84+AK84 -> 0
A85: NOVIEMBRE DE 2008 | O85: 0 | R85: 0 | X85: 0 | Z85: =IF(AA85=0,"N.A.",((K85*L85)+(W85*X85))/AA85) -> N.A. | AA85: =+L85+X85 -> 0 | AC85: =IF(AD85=0,"N.A.",((E85*F85)+(Q85*R85))/AD85) -> N.A. | AD85: =+F85+R85 -> 0 | AF85: =IF(AG85=0,"N.A.",((H85*I85)+(T85*U85))/AG85) -> N.A. | AG85: =+I85+U85 -> 0 | AI85: =IF(AJ85=0,"N.A.",((B85*C85)+(N85*O85))/AJ85) -> N.A. | AJ85: =+C85+O85 -> 0 | AL85: =+AA85+AG85 -> 0 | AM85: =+AB85+AH85 -> 0 | AN85: =+AD85+AJ85 -> 0 | AO85: =+AE85+AK85 -> 0
A86: DICIEMBRE DE 2008 | O86: 0 | R86: 0 | X86: 0 | Z86: =IF(AA86=0,"N.A.",((K86*L86)+(W86*X86))/AA86) -> N.A. | AA86: =+L86+X86 -> 0 | AC86: =IF(AD86=0,"N.A.",((E86*F86)+(Q86*R86))/AD86) -> N.A. | AD86: =+F86+R86 -> 0 | AF86: =IF(AG86=0,"N.A.",((H86*I86)+(T86*U86))/AG86) -> N.A. | AG86: =+I86+U86 -> 0 | AI86: =IF(AJ86=0,"N.A.",((B86*C86)+(N86*O86))/AJ86) -> N.A. | AJ86: =+C86+O86 -> 0 | AL86: =+AA86+AG86 -> 0 | AM86: =+AB86+AH86 -> 0 | AN86: =+AD86+AJ86 -> 0 | AO86: =+AE86+AK86 -> 0
A87: ENERO DE 2009 | O87: 0 | R87: 0 | X87: 0 | Z87: =IF(AA87=0,"N.A.",((K87*L87)+(W87*X87))/AA87) -> N.A. | AA87: =+L87+X87 -> 0 | AC87: =IF(AD87=0,"N.A.",((E87*F87)+(Q87*R87))/AD87) -> N.A. | AD87: =+F87+R87 -> 0 | AF87: =IF(AG87=0,"N.A.",((H87*I87)+(T87*U87))/AG87) -> N.A. | AG87: =+I87+U87 -> 0 | AI87: =IF(AJ87=0,"N.A.",((B87*C87)+(N87*O87))/AJ87) -> N.A. | AJ87: =+C87+O87 -> 0 | AL87: =+AA87+AG87 -> 0 | AM87: =+AB87+AH87 -> 0 | AN87: =+AD87+AJ87 -> 0 | AO87: =+AE87+AK87 -> 0
A88: FEBRERO DE 2009 | O88: 0 | R88: 0 | W88: 11 | X88: 10 | Z88: =IF(AA88=0,"N.A.",((K88*L88)+(W88*X88))/AA88) -> 11 | AA88: =+L88+X88 -> 10 | AC88: =IF(AD88=0,"N.A.",((E88*F88)+(Q88*R88))/AD88) -> N.A. | AD88: =+F88+R88 -> 0 | AF88: =IF(AG88=0,"N.A.",((H88*I88)+(T88*U88))/AG88) -> N.A. | AG88: =+I88+U88 -> 0 | AI88: =IF(AJ88=0,"N.A.",((B88*C88)+(N88*O88))/AJ88) -> N.A. | AJ88: =+C88+O88 -> 0 | AL88: =+AA88+AG88 -> 10 | AM88: =+AB88+AH88 -> 0 | AN88: =+AD88+AJ88 -> 0 | AO88: =+AE88+AK88 -> 0
A89: MARZO DE 2009 | O89: 0 | R89: 0 | X89: 0 | Z89: =IF(AA89=0,"N.A.",((K89*L89)+(W89*X89))/AA89) -> N.A. | AA89: =+L89+X89 -> 0 | AC89: =IF(AD89=0,"N.A.",((E89*F89)+(Q89*R89))/AD89) -> N.A. | AD89: =+F89+R89 -> 0 | AF89: =IF(AG89=0,"N.A.",((H89*I89)+(T89*U89))/AG89) -> N.A. | AG89: =+I89+U89 -> 0 | AI89: =IF(AJ89=0,"N.A.",((B89*C89)+(N89*O89))/AJ89) -> N.A. | AJ89: =+C89+O89 -> 0 | AL89: =+AA89+AG89 -> 0 | AM89: =+AB89+AH89 -> 0 | AN89: =+AD89+AJ89 -> 0 | AO89: =+AE89+AK89 -> 0
A90: ABRIL DE 2009 | O90: 0 | R90: 0 | T90: 17.4 | U90: 48.51 | X90: 0 | Z90: =IF(AA90=0,"N.A.",((K90*L90)+(W90*X90))/AA90) -> N.A. | AA90: =+L90+X90 -> 0 | AC90: =IF(AD90=0,"N.A.",((E90*F90)+(Q90*R90))/AD90) -> N.A. | AD90: =+F90+R90 -> 0 | AF90: =IF(AG90=0,"N.A.",((H90*I90)+(T90*U90))/AG90) -> 17.4 | AG90: =+I90+U90 -> 48.51 | AI90: =IF(AJ90=0,"N.A.",((B90*C90)+(N90*O90))/AJ90) -> N.A. | AJ90: =+C90+O90 -> 0 | AL90: =+AA90+AG90 -> 48.51 | AM90: =+AB90+AH90 -> 0 | AN90: =+AD90+AJ90 -> 0 | AO90: =+AE90+AK90 -> 0
A91: MAYO DE 2009 | O91: 0 | R91: 0 | X91: 0 | Z91: =IF(AA91=0,"N.A.",((K91*L91)+(W91*X91))/AA91) -> N.A. | AA91: =+L91+X91 -> 0 | AC91: =IF(AD91=0,"N.A.",((E91*F91)+(Q91*R91))/AD91) -> N.A. | AD91: =+F91+R91 -> 0 | AF91: =IF(AG91=0,"N.A.",((H91*I91)+(T91*U91))/AG91) -> N.A. | AG91: =+I91+U91 -> 0 | AI91: =IF(AJ91=0,"N.A.",((B91*C91)+(N91*O91))/AJ91) -> N.A. | AJ91: =+C91+O91 -> 0 | AL91: =+AA91+AG91 -> 0 | AM91: =+AB91+AH91 -> 0 | AN91: =+AD91+AJ91 -> 0 | AO91: =+AE91+AK91 -> 0
A92: JUNIO DE 2009 | O92: 0 | R92: 0 | X92: 0 | Z92: =IF(AA92=0,"N.A.",((K92*L92)+(W92*X92))/AA92) -> N.A. | AA92: =+L92+X92 -> 0 | AC92: =IF(AD92=0,"N.A.",((E92*F92)+(Q92*R92))/AD92) -> N.A. | AD92: =+F92+R92 -> 0 | AF92: =IF(AG92=0,"N.A.",((H92*I92)+(T92*U92))/AG92) -> N.A. | AG92: =+I92+U92 -> 0 | AI92: =IF(AJ92=0,"N.A.",((B92*C92)+(N92*O92))/AJ92) -> N.A. | AJ92: =+C92+O92 -> 0 | AL92: =+AA92+AG92 -> 0 | AM92: =+AB92+AH92 -> 0 | AN92: =+AD92+AJ92 -> 0 | AO92: =+AE92+AK92 -> 0
A93: JULIO DE 2009 | O93: 0 | R93: 0 | X93: 0 | Z93: =IF(AA93=0,"N.A.",((K93*L93)+(W93*X93))/AA93) -> N.A. | AA93: =+L93+X93 -> 0 | AC93: =IF(AD93=0,"N.A.",((E93*F93)+(Q93*R93))/AD93) -> N.A. | AD93: =+F93+R93 -> 0 | AF93: =IF(AG93=0,"N.A.",((H93*I93)+(T93*U93))/AG93) -> N.A. | AG93: =+I93+U93 -> 0 | AI93: =IF(AJ93=0,"N.A.",((B93*C93)+(N93*O93))/AJ93) -> N.A. | AJ93: =+C93+O93 -> 0 | AL93: =+AA93+AG93 -> 0 | AM93: =+AB93+AH93 -> 0 | AN93: =+AD93+AJ93 -> 0 | AO93: =+AE93+AK93 -> 0
A94: AGOSTO DE 2009 | O94: 0 | R94: 0 | X94: 0 | Z94: =IF(AA94=0,"N.A.",((K94*L94)+(W94*X94))/AA94) -> N.A. | AA94: =+L94+X94 -> 0 | AC94: =IF(AD94=0,"N.A.",((E94*F94)+(Q94*R94))/AD94) -> N.A. | AD94: =+F94+R94 -> 0 | AF94: =IF(AG94=0,"N.A.",((H94*I94)+(T94*U94))/AG94) -> N.A. | AG94: =+I94+U94 -> 0 | AI94: =IF(AJ94=0,"N.A.",((B94*C94)+(N94*O94))/AJ94) -> N.A. | AJ94: =+C94+O94 -> 0 | AL94: =+AA94+AG94 -> 0 | AM94: =+AB94+AH94 -> 0 | AN94: =+AD94+AJ94 -> 0 | AO94: =+AE94+AK94 -> 0
A95: SEPTIEMBRE DE 2009 | O95: 0 | R95: 0 | X95: 0 | Z95: =IF(AA95=0,"N.A.",((K95*L95)+(W95*X95))/AA95) -> N.A. | AA95: =+L95+X95 -> 0 | AC95: =IF(AD95=0,"N.A.",((E95*F95)+(Q95*R95))/AD95) -> N.A. | AD95: =+F95+R95 -> 0 | AF95: =IF(AG95=0,"N.A.",((H95*I95)+(T95*U95))/AG95) -> N.A. | AG95: =+I95+U95 -> 0 | AI95: =IF(AJ95=0,"N.A.",((B95*C95)+(N95*O95))/AJ95) -> N.A. | AJ95: =+C95+O95 -> 0 | AL95: =+AA95+AG95 -> 0 | AM95: =+AB95+AH95 -> 0 | AN95: =+AD95+AJ95 -> 0 | AO95: =+AE95+AK95 -> 0
A96: OCTUBRE DE 2009 | O96: 0 | R96: 0 | X96: 0 | Z96: =IF(AA96=0,"N.A.",((K96*L96)+(W96*X96))/AA96) -> N.A. | AA96: =+L96+X96 -> 0 | AC96: =IF(AD96=0,"N.A.",((E96*F96)+(Q96*R96))/AD96) -> N.A. | AD96: =+F96+R96 -> 0 | AF96: =IF(AG96=0,"N.A.",((H96*I96)+(T96*U96))/AG96) -> N.A. | AG96: =+I96+U96 -> 0 | AI96: =IF(AJ96=0,"N.A.",((B96*C96)+(N96*O96))/AJ96) -> N.A. | AJ96: =+C96+O96 -> 0 | AL96: =+AA96+AG96 -> 0 | AM96: =+AB96+AH96 -> 0 | AN96: =+AD96+AJ96 -> 0 | AO96: =+AE96+AK96 -> 0
A97: NOVIEMBRE DE 2009 | O97: 0 | R97: 0 | X97: 0 | Z97: =IF(AA97=0,"N.A.",((K97*L97)+(W97*X97))/AA97) -> N.A. | AA97: =+L97+X97 -> 0 | AC97: =IF(AD97=0,"N.A.",((E97*F97)+(Q97*R97))/AD97) -> N.A. | AD97: =+F97+R97 -> 0 | AF97: =IF(AG97=0,"N.A.",((H97*I97)+(T97*U97))/AG97) -> N.A. | AG97: =+I97+U97 -> 0 | AI97: =IF(AJ97=0,"N.A.",((B97*C97)+(N97*O97))/AJ97) -> N.A. | AJ97: =+C97+O97 -> 0 | AL97: =+AA97+AG97 -> 0 | AM97: =+AB97+AH97 -> 0 | AN97: =+AD97+AJ97 -> 0 | AO97: =+AE97+AK97 -> 0
A98: DICIEMBRE DE 2009 | O98: 0 | R98: 0 | T98: 13.73 | U98: 21 | X98: 0 | Z98: =IF(AA98=0,"N.A.",((K98*L98)+(W98*X98))/AA98) -> N.A. | AA98: =+L98+X98 -> 0 | AC98: =IF(AD98=0,"N.A.",((E98*F98)+(Q98*R98))/AD98) -> N.A. | AD98: =+F98+R98 -> 0 | AF98: =IF(AG98=0,"N.A.",((H98*I98)+(T98*U98))/AG98) -> 13.73 | AG98: =+I98+U98 -> 21 | AI98: =IF(AJ98=0,"N.A.",((B98*C98)+(N98*O98))/AJ98) -> N.A. | AJ98: =+C98+O98 -> 0 | AL98: =+AA98+AG98 -> 21 | AM98: =+AB98+AH98 -> 0 | AN98: =+AD98+AJ98 -> 0 | AO98: =+AE98+AK98 -> 0
A99: ENERO DE 2010 | O99: 0 | R99: 0 | X99: 0 | Z99: =IF(AA99=0,"N.A.",((K99*L99)+(W99*X99))/AA99) -> N.A. | AA99: =+L99+X99 -> 0 | AC99: =IF(AD99=0,"N.A.",((E99*F99)+(Q99*R99))/AD99) -> N.A. | AD99: =+F99+R99 -> 0 | AF99: =IF(AG99=0,"N.A.",((H99*I99)+(T99*U99))/AG99) -> N.A. | AG99: =+I99+U99 -> 0 | AI99: =IF(AJ99=0,"N.A.",((B99*C99)+(N99*O99))/AJ99) -> N.A. | AJ99: =+C99+O99 -> 0 | AL99: =+AA99+AG99 -> 0 | AM99: =+AB99+AH99 -> 0 | AN99: =+AD99+AJ99 -> 0 | AO99: =+AE99+AK99 -> 0
A100: FEBRERO DE 2010 | O100: 0 | R100: 0 | X100: 0 | Z100: =IF(AA100=0,"N.A.",((K100*L100)+(W100*X100))/AA100) -> N.A. | AA100: =+L100+X100 -> 0 | AC100: =IF(AD100=0,"N.A.",((E100*F100)+(Q100*R100))/AD100) -> N.A. | AD100: =+F100+R100 -> 0 | AF100: =IF(AG100=0,"N.A.",((H100*I100)+(T100*U100))/AG100) -> N.A. | AG100: =+I100+U100 -> 0 | AI100: =IF(AJ100=0,"N.A.",((B100*C100)+(N100*O100))/AJ100) -> N.A. | AJ100: =+C100+O100 -> 0 | AL100: =+AA100+AG100 -> 0 | AM100: =+AB100+AH100 -> 0 | AN100: =+AD100+AJ100 -> 0 | AO100: =+AE100+AK100 -> 0
...

Sheet BANCAFE
A1: TASAS Y DESEMBOLSOS MENSUALES DE CARTERA DE VIVIENDA
A2: BANCAFE | E2: 1000
W3: Cifras en millones de pesos y tasas efectivas anuales
B4: Construcción de Vivienda | D4: Construcción de Vivienda | F4: Construcción de Vivienda | H4: Construcción de Vivienda | J4: Adquisición de Vivienda | L4: Adquisición de Vivienda | N4: Adquisición de Vivienda | P4: Adquisición de Vivienda | R4: CREDITOS DE VIVIENDA en U.V.R. (Puntos) | V4: CREDITOS DE VIVIENDA en Pesos (T.E.A.) | Z4: CONSOLIDADO
A5: PERIODO | B5: diferente de VIS en Pesos | D5: diferente de VIS en UVR | F5: VIS en Pesos | H5: VIS en UVR | J5: diferente de VIS en Pesos | L5: diferente de VIS en UVR | N5: VIS en Pesos | P5: VIS en UVR | R5: VIS | T5: NO VIS | V5: VIS | X5: NO VIS | Z5: VIS | AA5: NO VIS
B6: TASA | C6: MONTO | D6: TASA | E6: MONTO | F6: TASA | G6: MONTO | H6: TASA | I6: MONTO | J6: TASA | K6: MONTO | L6: TASA | M6: MONTO | N6: TASA | O6: MONTO | P6: TASA | Q6: MONTO | R6: TASA | S6: MONTO | T6: TASA | U6: MONTO | V6: TASA | W6: MONTO | X6: TASA | Y6: MONTO | Z6: MONTO | AA6: MONTO
A7: MAYO DE 2002 | J7: 13 | K7: 92.692 | L7: 10.80084 | M7: 198.058 | P7: 11 | Q7: 99.778 | R7: =+((H7*I7)+(P7*Q7))/S7 -> 11 | S7: =+I7+Q7 -> 99.778 | T7: =+((D7*E7)+(L7*M7))/U7 -> 10.80084 | U7: =+E7+M7 -> 198.058 | V7: =IF(W7=0,"N.A.",((F7*G7)+(N7*O7))/W7) -> N.A. | W7: =+G7+O7 -> 0 | X7: =IF(Y7=0,"N.A.",((B7*C7)+(J7*K7))/Y7) -> 13 | Y7: =+C7+K7 -> 92.692 | Z7: =+S7+W7 -> 99.778 | AA7: =+U7+Y7 -> 290.75
A8: JUNIO DE 2002 | L8: 13.9 | M8: 67 | P8: 11 | Q8: 11.27 | R8: =+((H8*I8)+(P8*Q8))/S8 -> 11 | S8: =+I8+Q8 -> 11.27 | T8: =+((D8*E8)+(L8*M8))/U8 -> 13.9 | U8: =+E8+M8 -> 67 | V8: =IF(W8=0,"N.A.",((F8*G8)+(N8*O8))/W8) -> N.A. | W8: =+G8+O8 -> 0 | X8: =IF(Y8=0,"N.A.",((B8*C8)+(J8*K8))/Y8) -> N.A. | Y8: =+C8+K8 -> 0 | Z8: =+S8+W8 -> 11.27 | AA8: =+U8+Y8 -> 67
A9: JULIO DE 2002 | L9: 13.9 | M9: 431.339 | P9: 11 | Q9: 56.779 | R9: =+((H9*I9)+(P9*Q9))/S9 -> 11 | S9: =+I9+Q9 -> 56.779 | T9: =+((D9*E9)+(L9*M9))/U9 -> 13.9 | U9: =+E9+M9 -> 431.339 | V9: =IF(W9=0,"N.A.",((F9*G9)+(N9*O9))/W9) -> N.A. | W9: =+G9+O9 -> 0 | X9: =IF(Y9=0,"N.A.",((B9*C9)+(J9*K9))/Y9) -> N.A. | Y9: =+C9+K9 -> 0 | Z9: =+S9+W9 -> 56.779 | AA9: =+U9+Y9 -> 431.339
A10: AGOSTO DE 2002 | L10: 13.9 | M10: 310.7 | P10: 11 | Q10: 42.2 | R10: =+((H10*I10)+(P10*Q10))/S10 -> 11 | S10: =+I10+Q10 -> 42.2 | T10: =+((D10*E10)+(L10*M10))/U10 -> 13.9 | U10: =+E10+M10 -> 310.7 | V10: =IF(W10=0,"N.A.",((F10*G10)+(N10*O10))/W10) -> N.A. | W10: =+G10+O10 -> 0 | X10: =IF(Y10=0,"N.A.",((B10*C10)+(J10*K10))/Y10) -> N.A. | Y10: =+C10+K10 -> 0 | Z10: =+S10+W10 -> 42.2 | AA10: =+U10+Y10 -> 310.7
A11: SEPTIEMBRE DE 2002 | L11: 13.9 | M11: 109.834 | P11: 11 | Q11: 196.21 | R11: =+((H11*I11)+(P11*Q11))/S11 -> 11 | S11: =+I11+Q11 -> 196.21 | T11: =+((D11*E11)+(L11*M11))/U11 -> 13.9 | U11: =+E11+M11 -> 109.834 | V11: =IF(W11=0,"N.A.",((F11*G11)+(N11*O11))/W11) -> N.A. | W11: =+G11+O11 -> 0 | X11: =IF(Y11=0,"N.A.",((B11*C11)+(J11*K11))/Y11) -> N.A. | Y11: =+C11+K11 -> 0 | Z11: =+S11+W11 -> 196.21 | AA11: =+U11+Y11 -> 109.834
A12: OCTUBRE DE 2002 | L12: 13.9 | M12: 324.385 | R12: =+((H12*I12)+(P12*Q12))/S12 -> #DIV/0! | S12: =+I12+Q12 -> 0 | T12: =+((D12*E12)+(L12*M12))/U12 -> 13.9 | U12: =+E12+M12 -> 324.385 | V12: =IF(W12=0,"N.A.",((F12*G12)+(N12*O12))/W12) -> N.A. | W12: =+G12+O12 -> 0 | X12: =IF(Y12=0,"N.A.",((B12*C12)+(J12*K12))/Y12) -> N.A. | Y12: =+C12+K12 -> 0 | Z12: =+S12+W12 -> 0 | AA12: =+U12+Y12 -> 324.385
A13: NOVIEMBRE DE 2002 | L13: 13.9 | M13: 545.925 | R13: =+((H13*I13)+(P13*Q13))/S13 -> #DIV/0! | S13: =+I13+Q13 -> 0 | T13: =+((D13*E13)+(L13*M13))/U13 -> 13.9 | U13: =+E13+M13 -> 545.925 | V13: =IF(W13=0,"N.A.",((F13*G13)+(N13*O13))/W13) -> N.A. | W13: =+G13+O13 -> 0 | X13: =IF(Y13=0,"N.A.",((B13*C13)+(J13*K13))/Y13) -> N.A. | Y13: =+C13+K13 -> 0 | Z13: =+S13+W13 -> 0 | AA13: =+U13+Y13 -> 545.925
A14: DICIEMBRE DE 2002 | L14: 13.9 | M14: 181.2 | R14: =+((H14*I14)+(P14*Q14))/S14 -> #DIV/0! | S14: =+I14+Q14 -> 0 | T14: =+((D14*E14)+(L14*M14))/U14 -> 13.9 | U14: =+E14+M14 -> 181.2 | V14: =IF(W14=0,"N.A.",((F14*G14)+(N14*O14))/W14) -> N.A. | W14: =+G14+O14 -> 0 | X14: =IF(Y14=0,"N.A.",((B14*C14)+(J14*K14))/Y14) -> N.A. | Y14: =+C14+K14 -> 0 | Z14: =+S14+W14 -> 0 | AA14: =+U14+Y14 -> 181.2
A15: ENERO DE 2003 | L15: 13.9 | M15: 154.84 | R15: =+((H15*I15)+(P15*Q15))/S15 -> #DIV/0! | S15: =+I15+Q15 -> 0 | T15: =+((D15*E15)+(L15*M15))/U15 -> 13.9 | U15: =+E15+M15 -> 154.84 | V15: =IF(W15=0,"N.A.",((F15*G15)+(N15*O15))/W15) -> N.A. | W15: =+G15+O15 -> 0 | X15: =IF(Y15=0,"N.A.",((B15*C15)+(J15*K15))/Y15) -> N.A. | Y15: =+C15+K15 -> 0 | Z15: =+S15+W15 -> 0 | AA15: =+U15+Y15 -> 154.84
A16: FEBRERO DE 2003 | L16: 13.9 | M16: 582.898 | P16: 11 | Q16: 11.725 | R16: =+((H16*I16)+(P16*Q16))/S16 -> 11 | S16: =+I16+Q16 -> 11.725 | T16: =+((D16*E16)+(L16*M16))/U16 -> 13.9 | U16: =+E16+M16 -> 582.898 | V16: =IF(W16=0,"N.A.",((F16*G16)+(N16*O16))/W16) -> N.A. | W16: =+G16+O16 -> 0 | X16: =IF(Y16=0,"N.A.",((B16*C16)+(J16*K16))/Y16) -> N.A. | Y16: =+C16+K16 -> 0 | Z16: =+S16+W16 -> 11.725 | AA16: =+U16+Y16 -> 582.898
A17: MARZO DE 2003 | L17: 13.9 | M17: 608.445 | R17: =+((H17*I17)+(P17*Q17))/S17 -> #DIV/0! | S17: =+I17+Q17 -> 0 | T17: =+((D17*E17)+(L17*M17))/U17 -> 13.9 | U17: =+E17+M17 -> 608.445 | V17: =IF(W17=0,"N.A.",((F17*G17)+(N17*O17))/W17) -> N.A. | W17: =+G17+O17 -> 0 | X17: =IF(Y17=0,"N.A.",((B17*C17)+(J17*K17))/Y17) -> N.A. | Y17: =+C17+K17 -> 0 | Z17: =+S17+W17 -> 0 | AA17: =+U17+Y17 -> 608.445
A18: ABRIL DE 2003 | L18: 13.9 | M18: 627.55 | R18: =+((H18*I18)+(P18*Q18))/S18 -> #DIV/0! | S18: =+I18+Q18 -> 0 | T18: =+((D18*E18)+(L18*M18))/U18 -> 13.9 | U18: =+E18+M18 -> 627.55 | V18: =IF(W18=0,"N.A.",((F18*G18)+(N18*O18))/W18) -> N.A. | W18: =+G18+O18 -> 0 | X18: =IF(Y18=0,"N.A.",((B18*C18)+(J18*K18))/Y18) -> N.A. | Y18: =+C18+K18 -> 0 | Z18: =+S18+W18 -> 0 | AA18: =+U18+Y18 -> 627.55
A19: MAYO DE 2003 | L19: 13.9 | M19: 1046.226 | P19: 11 | Q19: 22.699 | R19: =+((H19*I19)+(P19*Q19))/S19 -> 11 | S19: =+I19+Q19 -> 22.699 | T19: =+((D19*E19)+(L19*M19))/U19 -> 13.9 | U19: =+E19+M19 -> 1046.226 | V19: =IF(W19=0,"N.A.",((F19*G19)+(N19*O19))/W19) -> N.A. | W19: =+G19+O19 -> 0 | X19: =IF(Y19=0,"N.A.",((B19*C19)+(J19*K19))/Y19) -> N.A. | Y19: =+C19+K19 -> 0 | Z19: =+S19+W19 -> 22.699 | AA19: =+U19+Y19 -> 1046.226
A20: JUNIO DE 2003 | L20: 13.9 | M20: 806.65 | R20: =+((H20*I20)+(P20*Q20))/S20 -> #DIV/0! | S20: =+I20+Q20 -> 0 | T20: =+((D20*E20)+(L20*M20))/U20 -> 13.9 | U20: =+E20+M20 -> 806.65 | V20: =IF(W20=0,"N.A.",((F20*G20)+(N20*O20))/W20) -> N.A. | W20: =+G20+O20 -> 0 | X20: =IF(Y20=0,"N.A.",((B20*C20)+(J20*K20))/Y20) -> N.A. | Y20: =+C20+K20 -> 0 | Z20: =+S20+W20 -> 0 | AA20: =+U20+Y20 -> 806.65
A21: JULIO DE 2003 | L21: 13.9 | M21: 1099.855 | P21: 11 | Q21: 39 | R21: =+((H21*I21)+(P21*Q21))/S21 -> 11 | S21: =+I21+Q21 -> 39 | T21: =+((D21*E21)+(L21*M21))/U21 -> 13.9 | U21: =+E21+M21 -> 1099.855 | V21: =IF(W21=0,"N.A.",((F21*G21)+(N21*O21))/W21) -> N.A. | W21: =+G21+O21 -> 0 | X21: =IF(Y21=0,"N.A.",((B21*C21)+(J21*K21))/Y21) -> N.A. | Y21: =+C21+K21 -> 0 | Z21: =+S21+W21 -> 39 | AA21: =+U21+Y21 -> 1099.855
A22: AGOSTO DE 2003 | L22: 13.9 | M22: 1215.732 | R22: =+((H22*I22)+(P22*Q22))/S22 -> #DIV/0! | S22: =+I22+Q22 -> 0 | T22: =+((D22*E22)+(L22*M22))/U22 -> 13.9 | U22: =+E22+M22 -> 1215.732 | V22: =IF(W22=0,"N.A.",((F22*G22)+(N22*O22))/W22) -> N.A. | W22: =+G22+O22 -> 0 | X22: =IF(Y22=0,"N.A.",((B22*C22)+(J22*K22))/Y22) -> N.A. | Y22: =+C22+K22 -> 0 | Z22: =+S22+W22 -> 0 | AA22: =+U22+Y22 -> 1215.732
A23: SEPTIEMBRE DE 2003 | L23: 13.9 | M23: 1305.49 | R23: =+((H23*I23)+(P23*Q23))/S23 -> #DIV/0! | S23: =+I23+Q23 -> 0 | T23: =+((D23*E23)+(L23*M23))/U23 -> 13.9 | U23: =+E23+M23 -> 1305.49 | V23: =IF(W23=0,"N.A.",((F23*G23)+(N23*O23))/W23) -> N.A. | W23: =+G23+O23 -> 0 | X23: =IF(Y23=0,"N.A.",((B23*C23)+(J23*K23))/Y23) -> N.A. | Y23: =+C23+K23 -> 0 | Z23: =+S23+W23 -> 0 | AA23: =+U23+Y23 -> 1305.49
A24: OCTUBRE DE 2003 | L24: 13.9 | M24: 1302.233 | R24: =+((H24*I24)+(P24*Q24))/S24 -> #DIV/0! | S24: =+I24+Q24 -> 0 | T24: =+((D24*E24)+(L24*M24))/U24 -> 13.9 | U24: =+E24+M24 -> 1302.233 | V24: =IF(W24=0,"N.A.",((F24*G24)+(N24*O24))/W24) -> N.A. | W24: =+G24+O24 -> 0 | X24: =IF(Y24=0,"N.A.",((B24*C24)+(J24*K24))/Y24) -> N.A. | Y24: =+C24+K24 -> 0 | Z24: =+S24+W24 -> 0 | AA24: =+U24+Y24 -> 1302.233
A25: NOVIEMBRE DE 2003 | D25: 12.53 | E25: 240.102 | L25: 13.9 | M25: 1036.073 | R25: =+((H25*I25)+(P25*Q25))/S25 -> #DIV/0! | S25: =+I25+Q25 -> 0 | T25: =+((D25*E25)+(L25*M25))/U25 -> 13.642246 | U25: =+E25+M25 -> 1276.175 | V25: =IF(W25=0,"N.A.",((F25*G25)+(N25*O25))/W25) -> N.A. | W25: =+G25+O25 -> 0 | X25: =IF(Y25=0,"N.A.",((B25*C25)+(J25*K25))/Y25) -> N.A. | Y25: =+C25+K25 -> 0 | Z25: =+S25+W25 -> 0 | AA25: =+U25+Y25 -> 1276.175
A26: DICIEMBRE DE 2003 | L26: 13.9 | M26: 1237.963 | R26: =+((H26*I26)+(P26*Q26))/S26 -> #DIV/0! | S26: =+I26+Q26 -> 0 | T26: =+((D26*E26)+(L26*M26))/U26 -> 13.9 | U26: =+E26+M26 -> 1237.963 | V26: =IF(W26=0,"N.A.",((F26*G26)+(N26*O26))/W26) -> N.A. | W26: =+G26+O26 -> 0 | X26: =IF(Y26=0,"N.A.",((B26*C26)+(J26*K26))/Y26) -> N.A. | Y26: =+C26+K26 -> 0 | Z26: =+S26+W26 -> 0 | AA26: =+U26+Y26 -> 1237.963
A27: ENERO DE 2004 | L27: 13.89 | M27: 1254.51 | R27: =+((H27*I27)+(P27*Q27))/S27 -> #DIV/0! | S27: =+I27+Q27 -> 0 | T27: =+((D27*E27)+(L27*M27))/U27 -> 13.89 | U27: =+E27+M27 -> 1254.51 | V27: =IF(W27=0,"N.A.",((F27*G27)+(N27*O27))/W27) -> N.A. | W27: =+G27+O27 -> 0 | X27: =IF(Y27=0,"N.A.",((B27*C27)+(J27*K27))/Y27) -> N.A. | Y27: =+C27+K27 -> 0 | Z27: =+S27+W27 -> 0 | AA27: =+U27+Y27 -> 1254.51
A28: FEBRERO DE 2004 | L28: 13.89 | M28: 1103.546 | R28: =+((H28*I28)+(P28*Q28))/S28 -> #DIV/0! | S28: =+I28+Q28 -> 0 | T28: =+((D28*E28)+(L28*M28))/U28 -> 13.89 | U28: =+E28+M28 -> 1103.546 | V28: =IF(W28=0,"N.A.",((F28*G28)+(N28*O28))/W28) -> N.A. | W28: =+G28+O28 -> 0 | X28: =IF(Y28=0,"N.A.",((B28*C28)+(J28*K28))/Y28) -> N.A. | Y28: =+C28+K28 -> 0 | Z28: =+S28+W28 -> 0 | AA28: =+U28+Y28 -> 1103.546
A29: MARZO DE 2004 | D29: 11.79 | E29: 300 | L29: 13.89 | M29: 1705.483 | R29: =+((H29*I29)+(P29*Q29))/S29 -> #DIV/0! | S29: =+I29+Q29 -> 0 | T29: =+((D29*E29)+(L29*M29))/U29 -> 13.575861 | U29: =+E29+M29 -> 2005.483 | V29: =IF(W29=0,"N.A.",((F29*G29)+(N29*O29))/W29) -> N.A. | W29: =+G29+O29 -> 0 | X29: =IF(Y29=0,"N.A.",((B29*C29)+(J29*K29))/Y29) -> N.A. | Y29: =+C29+K29 -> 0 | Z29: =+S29+W29 -> 0 | AA29: =+U29+Y29 -> 2005.483
A30: ABRIL DE 2004 | L30: 13.89 | M30: 822.876 | P30: 10.99 | Q30: 15.018 | R30: =+((H30*I30)+(P30*Q30))/S30 -> 10.99 | S30: =+I30+Q30 -> 15.018 | T30: =+((D30*E30)+(L30*M30))/U30 -> 13.89 | U30: =+E30+M30 -> 822.876 | V30: =IF(W30=0,"N.A.",((F30*G30)+(N30*O30))/W30) -> N.A. | W30: =+G30+O30 -> 0 | X30: =IF(Y30=0,"N.A.",((B30*C30)+(J30*K30))/Y30) -> N.A. | Y30: =+C30+K30 -> 0 | Z30: =+S30+W30 -> 15.018 | AA30: =+U30+Y30 -> 822.876
A31: MAYO DE 2004 | D31: 10.49 | E31: 500 | L31: 13.89 | M31: 855.899 | P31: 11 | Q31: 7.254 | R31: =+((H31*I31)+(P31*Q31))/S31 -> 11 | S31: =+I31+Q31 -> 7.254 | T31: =+((D31*E31)+(L31*M31))/U31 -> 12.636219 | U31: =+E31+M31 -> 1355.899 | V31: =IF(W31=0,"N.A.",((F31*G31)+(N31*O31))/W31) -> N.A. | W31: =+G31+O31 -> 0 | X31: =IF(Y31=0,"N.A.",((B31*C31)+(J31*K31))/Y31) -> N.A. | Y31: =+C31+K31 -> 0 | Z31: =+S31+W31 -> 7.254 | AA31: =+U31+Y31 -> 1355.899
A32: JUNIO DE 2004 | L32: 13.89 | M32: 1258.691 | P32: 10.99 | Q32: 15.705 | R32: =+((H32*I32)+(P32*Q32))/S32 -> 10.99 | S32: =+I32+Q32 -> 15.705 | T32: =+((D32*E32)+(L32*M32))/U32 -> 13.89 | U32: =+E32+M32 -> 1258.691 | V32: =IF(W32=0,"N.A.",((F32*G32)+(N32*O32))/W32) -> N.A. | W32: =+G32+O32 -> 0 | X32: =IF(Y32=0,"N.A.",((B32*C32)+(J32*K32))/Y32) -> N.A. | Y32: =+C32+K32 -> 0 | Z32: =+S32+W32 -> 15.705 | AA32: =+U32+Y32 -> 1258.691
A33: JULIO DE 2004 | L33: 13.9 | M33: 445.184 | R33: =+((H33*I33)+(P33*Q33))/S33 -> #DIV/0! | S33: =+I33+Q33 -> 0 | T33: =+((D33*E33)+(L33*M33))/U33 -> 13.9 | U33: =+E33+M33 -> 445.184 | V33: =IF(W33=0,"N.A.",((F33*G33)+(N33*O33))/W33) -> N.A. | W33: =+G33+O33 -> 0 | X33: =IF(Y33=0,"N.A.",((B33*C33)+(J33*K33))/Y33) -> N.A. | Y33: =+C33+K33 -> 0 | Z33: =+S33+W33 -> 0 | AA33: =+U33+Y33 -> 445.184
A34: AGOSTO DE 2004 | L34: 13.14 | M34: 644.486 | R34: =+((H34*I34)+(P34*Q34))/S34 -> #DIV/0! | S34: =+I34+Q34 -> 0 | T34: =+((D34*E34)+(L34*M34))/U34 -> 13.14 | U34: =+E34+M34 -> 644.486 | V34: =IF(W34=0,"N.A.",((F34*G34)+(N34*O34))/W34) -> N.A. | W34: =+G34+O34 -> 0 | X34: =IF(Y34=0,"N.A.",((B34*C34)+(J34*K34))/Y34) -> N.A. | Y34: =+C34+K34 -> 0 | Z34: =+S34+W34 -> 0 | AA34: =+U34+Y34 -> 644.486
A35: SEPTIEMBRE DE 2004 | D35: 13.91 | E35: 35 | H35: 8.5 | I35: 700 | J35: 18.81 | K35: 486 | L35: 13.25 | M35: 875.392 | P35: 10.99 | Q35: 22.5 | R35: =+((H35*I35)+(P35*Q35))/S35 -> 8.5775433 | S35: =+I35+Q35 -> 722.5 | T35: =+((D35*E35)+(L35*M35))/U35 -> 13.275374 | U35: =+E35+M35 -> 910.392 | V35: =IF(W35=0,"N.A.",((F35*G35)+(N35*O35))/W35) -> N.A. | W35: =+G35+O35 -> 0 | X35: =IF(Y35=0,"N.A.",((B35*C35)+(J35*K35))/Y35) -> 18.81 | Y35: =+C35+K35 -> 486 | Z35: =+S35+W35 -> 722.5 | AA35: =+U35+Y35 -> 1396.392
A36: OCTUBRE DE 2004 | D36: 8.5 | E36: 200 | J36: 19.51 | K36: 139.4 | L36: 12.19 | M36: 861.6 | R36: =+((H36*I36)+(P36*Q36))/S36 -> #DIV/0! | S36: =+I36+Q36 -> 0 | T36: =+((D36*E36)+(L36*M36))/U36 -> 11.494823 | U36: =+E36+M36 -> 1061.6 | V36: =IF(W36=0,"N.A.",((F36*G36)+(N36*O36))/W36) -> N.A. | W36: =+G36+O36 -> 0 | X36: =IF(Y36=0,"N.A.",((B36*C36)+(J36*K36))/Y36) -> 19.51 | Y36: =+C36+K36 -> 139.4 | Z36: =+S36+W36 -> 0 | AA36: =+U36+Y36 -> 1201
A37: NOVIEMBRE DE 2004 | D37: 9.25 | E37: 500 | J37: 18.82 | K37: 232 | L37: 12.66 | M37: 673.013 | R37: =+((H37*I37)+(P37*Q37))/S37 -> #DIV/0! | S37: =+I37+Q37 -> 0 | T37: =+((D37*E37)+(L37*M37))/U37 -> 11.206478 | U37: =+E37+M37 -> 1173.013 | V37: =IF(W37=0,"N.A.",((F37*G37)+(N37*O37))/W37) -> N.A. | W37: =+G37+O37 -> 0 | X37: =IF(Y37=0,"N.A.",((B37*C37)+(J37*K37))/Y37) -> 18.82 | Y37: =+C37+K37 -> 232 | Z37: =+S37+W37 -> 0 | AA37: =+U37+Y37 -> 1405.013
A38: DICIEMBRE DE 2004 | E38: 0 | J38: 19.1 | K38: 823.9 | L38: 11.78 | M38: 773.609 | P38: 10.99 | Q38: 208.13 | R38: =+((H38*I38)+(P38*Q38))/S38 -> 10.99 | S38: =+I38+Q38 -> 208.13 | T38: =+((D38*E38)+(L38*M38))/U38 -> 11.78 | U38: =+E38+M38 -> 773.609 | V38: =IF(W38=0,"N.A.",((F38*G38)+(N38*O38))/W38) -> N.A. | W38: =+G38+O38 -> 0 | X38: =IF(Y38=0,"N.A.",((B38*C38)+(J38*K38))/Y38) -> 19.1 | Y38: =+C38+K38 -> 823.9 | Z38: =+S38+W38 -> 208.13 | AA38: =+U38+Y38 -> 1597.509
A39: ENERO DE 2005 | D39: 8.52 | E39: 235 | H39: 10.99 | I39: 21.5 | J39: 19.04 | K39: 478.885 | L39: 12.15 | M39: 1311.703 | P39: 10.99 | Q39: 197.086 | R39: =+((H39*I39)+(P39*Q39))/S39 -> 10.99 | S39: =+I39+Q39 -> 218.586 | T39: =+((D39*E39)+(L39*M39))/U39 -> 11.598472 | U39: =+E39+M39 -> 1546.703 | V39: =IF(W39=0,"N.A.",((F39*G39)+(N39*O39))/W39) -> N.A. | W39: =+G39+O39 -> 0 | X39: =IF(Y39=0,"N.A.",((B39*C39)+(J39*K39))/Y39) -> 19.04 | Y39: =+C39+K39 -> 478.885 | Z39: =+S39+W39 -> 218.586 | AA39: =+U39+Y39 -> 2025.588
A40: FEBRERO DE 2005 | J40: 19 | K40: 1038.717 | L40: 11.77 | M40: 2401.404 | P40: 10.99 | Q40: 663.853 | R40: =+((H40*I40)+(P40*Q40))/S40 -> 10.99 | S40: =+I40+Q40 -> 663.853 | T40: =+((D40*E40)+(L40*M40))/U40 -> 11.77 | U40: =+E40+M40 -> 2401.404 | V40: =IF(W40=0,"N.A.",((F40*G40)+(N40*O40))/W40) -> N.A. | W40: =+G40+O40 -> 0 | X40: =IF(Y40=0,"N.A.",((B40*C40)+(J40*K40))/Y40) -> 19 | Y40: =+C40+K40 -> 1038.717 | Z40: =+S40+W40 -> 663.853 | AA40: =+U40+Y40 -> 3440.121
A41: MARZO DE 2005 | J41: 18.36 | K41: 557.196 | L41: 11.81 | M41: 1002.294 | P41: 10.99 | Q41: 193.401 | R41: =+((H41*I41)+(P41*Q41))/S41 -> 10.99 | S41: =+I41+Q41 -> 193.401 | T41: =+((D41*E41)+(L41*M41))/U41 -> 11.81 | U41: =+E41+M41 -> 1002.294 | V41: =IF(W41=0,"N.A.",((F41*G41)+(N41*O41))/W41) -> N.A. | W41: =+G41+O41 -> 0 | X41: =IF(Y41=0,"N.A.",((B41*C41)+(J41*K41))/Y41) -> 18.36 | Y41: =+C41+K41 -> 557.196 | Z41: =+S41+W41 -> 193.401 | AA41: =+U41+Y41 -> 1559.49
A42: ABRIL DE 2005 | R42: =+((H42*I42)+(P42*Q42))/S42 -> #DIV/0! | S42: =+I42+Q42 -> 0 | T42: =+((D42*E42)+(L42*M42))/U42 -> #DIV/0! | U42: =+E42+M42 -> 0 | V42: =IF(W42=0,"N.A.",((F42*G42)+(N42*O42))/W42) -> N.A. | W42: =+G42+O42 -> 0 | X42: =IF(Y42=0,"N.A.",((B42*C42)+(J42*K42))/Y42) -> N.A. | Y42: =+C42+K42 -> 0 | Z42: =+S42+W42 -> 0 | AA42: =+U42+Y42 -> 0
A46: FUENTE. Reporte Semanal de Tasas de Interés - Formato 088.

Sheet 6- itaú
A1: TASAS Y DESEMBOLSOS MENSUALES DE CARTERA DE VIVIENDA
A2: BANCO ITAÚ
AF3: Cifras en millones de pesos y tasas efectivas anuales promedio ponderadas
A4: MES | B4: Construcción de Vivienda diferente de VIS en pesos | E4: Construcción de Vivienda diferente de VIS en UVR | H4: Construcción de Vivienda VIS en pesos | K4: Construcción de Vivienda VIS en UVR | N4: Adquisición de Vivienda diferente de VIS en Pesos | Q4: Adquisición de Vivienda diferente de VIS en UVR | T4: Adquisición de Vivienda VIS en Pesos | W4: Adquisición de Vivienda VIS en UVR | Z4: CREDITOS DE VIVIENDA en U.V.R. (Puntos) | AF4: CREDITOS DE VIVIENDA en Pesos (T.E.A.) | AL4: CONSOLIDADO
Z5: VIS | AC5: NO VIS | AF5: VIS | AI5: NO VIS | AL5: VIS | AN5: NO VIS
B6: TASA | C6: MONTO | D6: NÚMERO DE CRÉDITOS DESEMBOLSADOS | E6: TASA | F6: MONTO | G6: NÚMERO DE CRÉDITOS DESEMBOLSADOS | H6: TASA | I6: MONTO | J6: NÚMERO DE CRÉDITOS DESEMBOLSADOS | K6: TASA | L6: MONTO | M6: NÚMERO DE CRÉDITOS DESEMBOLSADOS | N6: TASA | O6: MONTO | P6: NÚMERO DE CRÉDITOS DESEMBOLSADOS | Q6: TASA | R6: MONTO | S6: NÚMERO DE CRÉDITOS DESEMBOLSADOS | T6: TASA | U6: MONTO | V6: NÚMERO DE CRÉDITOS DESEMBOLSADOS | W6: TASA | X6: MONTO | Y6: NÚMERO DE CRÉDITOS DESEMBOLSADOS | Z6: TASA | AA6: MONTO | AB6: NÚMERO DE CRÉDITOS DESEMBOLSADOS | AC6: TASA | AD6: MONTO | AE6: NÚMERO DE CRÉDITOS DESEMBOLSADOS | AF6: TASA | AG6: MONTO | AH6: NÚMERO DE CRÉDITOS DESEMBOLSADOS | AI6: TASA | AJ6: MONTO | AK6: NÚMERO DE CRÉDITOS DESEMBOLSADOS | AL6: MONTO | AM6: NÚMERO DE CRÉDITOS DESEMBOLSADOS | AN6: MONTO | AO6: NÚMERO DE CRÉDITOS DESEMBOLSADOS
A7: MARZO DE 2006 | N7: 15.911682 | O7: 8623.697 | Z7: =IF(AA7=0,"N.A.",((K7*L7)+(W7*X7))/AA7) -> N.A. | AA7: =+L7+X7 -> 0 | AC7: =IF(AD7=0,"N.A.",((E7*F7)+(Q7*R7))/AD7) -> N.A. | AD7: =+F7+R7 -> 0 | AF7: =IF(AG7=0,"N.A.",((H7*I7)+(T7*U7))/AG7) -> N.A. | AG7: =+I7+U7 -> 0 | AI7: =IF(AJ7=0,"N.A.",((B7*C7)+(N7*O7))/AJ7) -> 15.911682 | AJ7: =+C7+O7 -> 8623.697 | AL7: =+AA7+AG7 -> 0 | AM7: =+AB7+AH7 -> 0 | AN7: =+AD7+AJ7 -> 8623.697 | AO7: =+AE7+AK7 -> 0
A8: ABRIL DE 2006 | N8: 13.935865 | O8: 6383.838 | Z8: =IF(AA8=0,"N.A.",((K8*L8)+(W8*X8))/AA8) -> N.A. | AA8: =+L8+X8 -> 0 | AC8: =IF(AD8=0,"N.A.",((E8*F8)+(Q8*R8))/AD8) -> N.A. | AD8: =+F8+R8 -> 0 | AF8: =IF(AG8=0,"N.A.",((H8*I8)+(T8*U8))/AG8) -> N.A. | AG8: =+I8+U8 -> 0 | AI8: =IF(AJ8=0,"N.A.",((B8*C8)+(N8*O8))/AJ8) -> 13.935865 | AJ8: =+C8+O8 -> 6383.838 | AL8: =+AA8+AG8 -> 0 | AM8: =+AB8+AH8 -> 0 | AN8: =+AD8+AJ8 -> 6383.838 | AO8: =+AE8+AK8 -> 0
A9: MAYO DE 2006 | N9: 13.34 | O9: 12505.71 | Z9: =IF(AA9=0,"N.A.",((K9*L9)+(W9*X9))/AA9) -> N.A. | AA9: =+L9+X9 -> 0 | AC9: =IF(AD9=0,"N.A.",((E9*F9)+(Q9*R9))/AD9) -> N.A. | AD9: =+F9+R9 -> 0 | AF9: =IF(AG9=0,"N.A.",((H9*I9)+(T9*U9))/AG9) -> N.A. | AG9: =+I9+U9 -> 0 | AI9: =IF(AJ9=0,"N.A.",((B9*C9)+(N9*O9))/AJ9) -> 13.34 | AJ9: =+C9+O9 -> 12505.71 | AL9: =+AA9+AG9 -> 0 | AM9: =+AB9+AH9 -> 0 | AN9: =+AD9+AJ9 -> 12505.71 | AO9: =+AE9+AK9 -> 0
A10: JUNIO DE 2006 | N10: 12.92 | O10: 8725.321 | Z10: =IF(AA10=0,"N.A.",((K10*L10)+(W10*X10))/AA10) -> N.A. | AA10: =+L10+X10 -> 0 | AC10: =IF(AD10=0,"N.A.",((E10*F10)+(Q10*R10))/AD10) -> N.A. | AD10: =+F10+R10 -> 0 | AF10: =IF(AG10=0,"N.A.",((H10*I10)+(T10*U10))/AG10) -> N.A. | AG10: =+I10+U10 -> 0 | AI10: =IF(AJ10=0,"N.A.",((B10*C10)+(N10*O10))/AJ10) -> 12.92 | AJ10: =+C10+O10 -> 8725.321 | AL10: =+AA10+AG10 -> 0 | AM10: =+AB10+AH10 -> 0 | AN10: =+AD10+AJ10 -> 8725.321 | AO10: =+AE10+AK10 -> 0
A11: JULIO DE 2006 | N11: 13.09 | O11: 8447.87 | Z11: =IF(AA11=0,"N.A.",((K11*L11)+(W11*X11))/AA11) -> N.A. | AA11: =+L11+X11 -> 0 | AC11: =IF(AD11=0,"N.A.",((E11*F11)+(Q11*R11))/AD11) -> N.A. | AD11: =+F11+R11 -> 0 | AF11: =IF(AG11=0,"N.A.",((H11*I11)+(T11*U11))/AG11) -> N.A. | AG11: =+I11+U11 -> 0 | AI11: =IF(AJ11=0,"N.A.",((B11*C11)+(N11*O11))/AJ11) -> 13.09 | AJ11: =+C11+O11 -> 8447.87 | AL11: =+AA11+AG11 -> 0 | AM11: =+AB11+AH11 -> 0 | AN11: =+AD11+AJ11 -> 8447.87 | AO11: =+AE11+AK11 -> 0
A12: AGOSTO DE 2006 | N12: 12.95 | O12: 13525.544 | Z12: =IF(AA12=0,"N.A.",((K12*L12)+(W12*X12))/AA12) -> N.A. | AA12: =+L12+X12 -> 0 | AC12: =IF(AD12=0,"N.A.",((E12*F12)+(Q12*R12))/AD12) -> N.A. | AD12: =+F12+R12 -> 0 | AF12: =IF(AG12=0,"N.A.",((H12*I12)+(T12*U12))/AG12) -> N.A. | AG12: =+I12+U12 -> 0 | AI12: =IF(AJ12=0,"N.A.",((B12*C12)+(N12*O12))/AJ12) -> 12.95 | AJ12: =+C12+O12 -> 13525.544 | AL12: =+AA12+AG12 -> 0 | AM12: =+AB12+AH12 -> 0 | AN12: =+AD12+AJ12 -> 13525.544 | AO12: =+AE12+AK12 -> 0
A13: SEPTIEMBRE DE 2006 | N13: 13.3 | O13: 15194.662 | Z13: =IF(AA13=0,"N.A.",((K13*L13)+(W13*X13))/AA13) -> N.A. | AA13: =+L13+X13 -> 0 | AC13: =IF(AD13=0,"N.A.",((E13*F13)+(Q13*R13))/AD13) -> N.A. | AD13: =+F13+R13 -> 0 | AF13: =IF(AG13=0,"N.A.",((H13*I13)+(T13*U13))/AG13) -> N.A. | AG13: =+I13+U13 -> 0 | AI13: =IF(AJ13=0,"N.A.",((B13*C13)+(N13*O13))/AJ13) -> 13.3 | AJ13: =+C13+O13 -> 15194.662 | AL13: =+AA13+AG13 -> 0 | AM13: =+AB13+AH13 -> 0 | AN13: =+AD13+AJ13 -> 15194.662 | AO13: =+AE13+AK13 -> 0
A14: OCTUBRE DE 2006 | N14: 13.06 | O14: 9192.463 | Z14: =IF(AA14=0,"N.A.",((K14*L14)+(W14*X14))/AA14) -> N.A. | AA14: =+L14+X14 -> 0 | AC14: =IF(AD14=0,"N.A.",((E14*F14)+(Q14*R14))/AD14) -> N.A. | AD14: =+F14+R14 -> 0 | AF14: =IF(AG14=0,"N.A.",((H14*I14)+(T14*U14))/AG14) -> N.A. | AG14: =+I14+U14 -> 0 | AI14: =IF(AJ14=0,"N.A.",((B14*C14)+(N14*O14))/AJ14) -> 13.06 | AJ14: =+C14+O14 -> 9192.463 | AL14: =+AA14+AG14 -> 0 | AM14: =+AB14+AH14 -> 0 | AN14: =+AD14+AJ14 -> 9192.463 | AO14: =+AE14+AK14 -> 0
A15: NOVIEMBRE DE 2006 | N15: 13 | O15: 14218.657 | Z15: =IF(AA15=0,"N.A.",((K15*L15)+(W15*X15))/AA15) -> N.A. | AA15: =+L15+X15 -> 0 | AC15: =IF(AD15=0,"N.A.",((E15*F15)+(Q15*R15))/AD15) -> N.A. | AD15: =+F15+R15 -> 0 | AF15: =IF(AG15=0,"N.A.",((H15*I15)+(T15*U15))/AG15) -> N.A. | AG15: =+I15+U15 -> 0 | AI15: =IF(AJ15=0,"N.A.",((B15*C15)+(N15*O15))/AJ15) -> 13 | AJ15: =+C15+O15 -> 14218.657 | AL15: =+AA15+AG15 -> 0 | AM15: =+AB15+AH15 -> 0 | AN15: =+AD15+AJ15 -> 14218.657 | AO15: =+AE15+AK15 -> 0
A16: DICIEMBRE DE 2006 | N16: 13.03 | O16: 8624.824 | Z16: =IF(AA16=0,"N.A.",((K16*L16)+(W16*X16))/AA16) -> N.A. | AA16: =+L16+X16 -> 0 | AC16: =IF(AD16=0,"N.A.",((E16*F16)+(Q16*R16))/AD16) -> N.A. | AD16: =+F16+R16 -> 0 | AF16: =IF(AG16=0,"N.A.",((H16*I16)+(T16*U16))/AG16) -> N.A. | AG16: =+I16+U16 -> 0 | AI16: =IF(AJ16=0,"N.A.",((B16*C16)+(N16*O16))/AJ16) -> 13.03 | AJ16: =+C16+O16 -> 8624.824 | AL16: =+AA16+AG16 -> 0 | AM16: =+AB16+AH16 -> 0 | AN16: =+AD16+AJ16 -> 8624.824 | AO16: =+AE16+AK16 -> 0
A17: ENERO DE 2007 | N17: 13.02 | O17: 11572.739 | Z17: =IF(AA17=0,"N.A.",((K17*L17)+(W17*X17))/AA17) -> N.A. | AA17: =+L17+X17 -> 0 | AC17: =IF(AD17=0,"N.A.",((E17*F17)+(Q17*R17))/AD17) -> N.A. | AD17: =+F17+R17 -> 0 | AF17: =IF(AG17=0,"N.A.",((H17*I17)+(T17*U17))/AG17) -> N.A. | AG17: =+I17+U17 -> 0 | AI17: =IF(AJ17=0,"N.A.",((B17*C17)+(N17*O17))/AJ17) -> 13.02 | AJ17: =+C17+O17 -> 11572.739 | AL17: =+AA17+AG17 -> 0 | AM17: =+AB17+AH17 -> 0 | AN17: =+AD17+AJ17 -> 11572.739 | AO17: =+AE17+AK17 -> 0
A18: FEBRERO DE 2007 | N18: 12.78 | O18: 9741.975 | Z18: =IF(AA18=0,"N.A.",((K18*L18)+(W18*X18))/AA18) -> N.A. | AA18: =+L18+X18 -> 0 | AC18: =IF(AD18=0,"N.A.",((E18*F18)+(Q18*R18))/AD18) -> N.A. | AD18: =+F18+R18 -> 0 | AF18: =IF(AG18=0,"N.A.",((H18*I18)+(T18*U18))/AG18) -> N.A. | AG18: =+I18+U18 -> 0 | AI18: =IF(AJ18=0,"N.A.",((B18*C18)+(N18*O18))/AJ18) -> 12.78 | AJ18: =+C18+O18 -> 9741.975 | AL18: =+AA18+AG18 -> 0 | AM18: =+AB18+AH18 -> 0 | AN18: =+AD18+AJ18 -> 9741.975 | AO18: =+AE18+AK18 -> 0
... A73: SEPTIEMBRE DE 2011 | N73: 11.64 | O73: 25506.825 | Z73: =IF(AA73=0,"N.A.",((K73*L73)+(W73*X73))/AA73) -> N.A. | AA73: =+L73+X73 -> 0 | AC73: =IF(AD73=0,"N.A.",((E73*F73)+(Q73*R73))/AD73) -> N.A. | AD73: =+F73+R73 -> 0 | AF73: =IF(AG73=0,"N.A.",((H73*I73)+(T73*U73))/AG73) -> N.A. | AG73: =+I73+U73 -> 0 | AI73: =IF(AJ73=0,"N.A.",((B73*C73)+(N73*O73))/AJ73) -> 11.64 | AJ73: =+C73+O73 -> 25506.825 | AL73: =+AA73+AG73 -> 0 | AM73: =+AB73+AH73 -> 0 | AN73: =+AD73+AJ73 -> 25506.825 | AO73: =+AE73+AK73 -> 0
A74: OCTUBRE DE 2011 | N74: 11.66 | O74: 16433.944 | T74: 11.22 | U74: 32 | Z74: =IF(AA74=0,"N.A.",((K74*L74)+(W74*X74))/AA74) -> N.A. | AA74: =+L74+X74 -> 0 | AC74: =IF(AD74=0,"N.A.",((E74*F74)+(Q74*R74))/AD74) -> N.A. | AD74: =+F74+R74 -> 0 | AF74: =IF(AG74=0,"N.A.",((H74*I74)+(T74*U74))/AG74) -> 11.22 | AG74: =+I74+U74 -> 32 | AI74: =IF(AJ74=0,"N.A.",((B74*C74)+(N74*O74))/AJ74) -> 11.66 | AJ74: =+C74+O74 -> 16433.944 | AL74: =+AA74+AG74 -> 32 | AM74: =+AB74+AH74 -> 0 | AN74: =+AD74+AJ74 -> 16433.944 | AO74: =+AE74+AK74 -> 0
A75: NOVIEMBRE DE 2011 | N75: 11.55 | O75: 30210.278 | Z75: =IF(AA75=0,"N.A.",((K75*L75)+(W75*X75))/AA75) -> N.A. | AA75: =+L75+X75 -> 0 | AC75: =IF(AD75=0,"N.A.",((E75*F75)+(Q75*R75))/AD75) -> N.A. | AD75: =+F75+R75 -> 0 | AF75: =IF(AG75=0,"N.A.",((H75*I75)+(T75*U75))/AG75) -> N.A. | AG75: =+I75+U75 -> 0 | AI75: =IF(AJ75=0,"N.A.",((B75*C75)+(N75*O75))/AJ75) -> 11.55 | AJ75: =+C75+O75 -> 30210.278 | AL75: =+AA75+AG75 -> 0 | AM75: =+AB75+AH75 -> 0 | AN75: =+AD75+AJ75 -> 30210.278 | AO75: =+AE75+AK75 -> 0
A76: DICIEMBRE DE 2011 | N76: 11.53 | O76: 20525.691 | Z76: =IF(AA76=0,"N.A.",((K76*L76)+(W76*X76))/AA76) -> N.A. | AA76: =+L76+X76 -> 0 | AC76: =IF(AD76=0,"N.A.",((E76*F76)+(Q76*R76))/AD76) -> N.A. | AD76: =+F76+R76 -> 0 | AF76: =IF(AG76=0,"N.A.",((H76*I76)+(T76*U76))/AG76) -> N.A. | AG76: =+I76+U76 -> 0 | AI76: =IF(AJ76=0,"N.A.",((B76*C76)+(N76*O76))/AJ76) -> 11.53 | AJ76: =+C76+O76 -> 20525.691 | AL76: =+AA76+AG76 -> 0 | AM76: =+AB76+AH76 -> 0 | AN76: =+AD76+AJ76 -> 20525.691 | AO76: =+AE76+AK76 -> 0
A77: ENERO DE 2012 | N77: 11.52 | O77: 13469.568 | T77: 14.52 | U77: 52.12 | Z77: =IF(AA77=0,"N.A.",((K77*L77)+(W77*X77))/AA77) -> N.A. | AA77: =+L77+X77 -> 0 | AC77: =IF(AD77=0,"N.A.",((E77*F77)+(Q77*R77))/AD77) -> N.A. | AD77: =+F77+R77 -> 0 | AF77: =IF(AG77=0,"N.A.",((H77*I77)+(T77*U77))/AG77) -> 14.52 | AG77: =+I77+U77 -> 52.12 | AI77: =IF(AJ77=0,"N.A.",((B77*C77)+(N77*O77))/AJ77) -> 11.52 | AJ77: =+C77+O77 -> 13469.568 | AL77: =+AA77+AG77 -> 52.12 | AM77: =+AB77+AH77 -> 0 | AN77: =+AD77+AJ77 -> 13469.568 | AO77: =+AE77+AK77 -> 0
A78: FEBRERO DE 2012 | N78: 11.53 | O78: 32753.479 | T78: 13.84 | U78: 138.5 | Z78: =IF(AA78=0,"N.A.",((K78*L78)+(W78*X78))/AA78) -> N.A. | AA78: =+L78+X78 -> 0 | AC78: =IF(AD78=0,"N.A.",((E78*F78)+(Q78*R78))/AD78) -> N.A. | AD78: =+F78+R78 -> 0 | AF78: =IF(AG78=0,"N.A.",((H78*I78)+(T78*U78))/AG78) -> 13.84 | AG78: =+I78+U78 -> 138.5 | AI78: =IF(AJ78=0,"N.A.",((B78*C78)+(N78*O78))/AJ78) -> 11.53 | AJ78: =+C78+O78 -> 32753.479 | AL78: =+AA78+AG78 -> 138.5 | AM78: =+AB78+AH78 -> 0 | AN78: =+AD78+AJ78 -> 32753.479 | AO78: =+AE78+AK78 -> 0
A79: MARZO DE 2012 | N79: 11.64 | O79: 23632.612 | T79: 13.49 | U79: 16 | Z79: =IF(AA79=0,"N.A.",((K79*L79)+(W79*X79))/AA79) -> N.A. | AA79: =+L79+X79 -> 0 | AC79: =IF(AD79=0,"N.A.",((E79*F79)+(Q79*R79))/AD79) -> N.A. | AD79: =+F79+R79 -> 0 | AF79: =IF(AG79=0,"N.A.",((H79*I79)+(T79*U79))/AG79) -> 13.49 | AG79: =+I79+U79 -> 16 | AI79: =IF(AJ79=0,"N.A.",((B79*C79)+(N79*O79))/AJ79) -> 11.64 | AJ79: =+C79+O79 -> 23632.612 | AL79: =+AA79+AG79 -> 16 | AM79: =+AB79+AH79 -> 0 | AN79: =+AD79+AJ79 -> 23632.612 | AO79: =+AE79+AK79 -> 0
A80: ABRIL DE 2012 | N80: 11.53 | O80: 15332.925 | Z80: =IF(AA80=0,"N.A.",((K80*L80)+(W80*X80))/AA80) -> N.A. | AA80: =+L80+X80 -> 0 | AC80: =IF(AD80=0,"N.A.",((E80*F80)+(Q80*R80))/AD80) -> N.A. | AD80: =+F80+R80 -> 0 | AF80: =IF(AG80=0,"N.A.",((H80*I80)+(T80*U80))/AG80) -> N.A. | AG80: =+I80+U80 -> 0 | AI80: =IF(AJ80=0,"N.A.",((B80*C80)+(N80*O80))/AJ80) -> 11.53 | AJ80: =+C80+O80 -> 15332.925 | AL80: =+AA80+AG80 -> 0 | AM80: =+AB80+AH80 -> 0 | AN80: =+AD80+AJ80 -> 15332.925 | AO80: =+AE80+AK80 -> 0
A81: MAYO DE 2012 | N81: 11.59 | O81: 27309.789 | Z81: =IF(AA81=0,"N.A.",((K81*L81)+(W81*X81))/AA81) -> N.A. | AA81: =+L81+X81 -> 0 | AC81: =IF(AD81=0,"N.A.",((E81*F81)+(Q81*R81))/AD81) -> N.A. | AD81: =+F81+R81 -> 0 | AF81: =IF(AG81=0,"N.A.",((H81*I81)+(T81*U81))/AG81) -> N.A. | AG81: =+I81+U81 -> 0 | AI81: =IF(AJ81=0,"N.A.",((B81*C81)+(N81*O81))/AJ81) -> 11.59 | AJ81: =+C81+O81 -> 27309.789 | AL81: =+AA81+AG81 -> 0 | AM81: =+AB81+AH81 -> 0 | AN81: =+AD81+AJ81 -> 27309.789 | AO81: =+AE81+AK81 -> 0
A82: JUNIO DE 2012 | N82: 11.53 | O82: 20171.81 | T82: 14.02 | U82: 50.6 | Z82: =IF(AA82=0,"N.A.",((K82*L82)+(W82*X82))/AA82) -> N.A. | AA82: =+L82+X82 -> 0 | AC82: =IF(AD82=0,"N.A.",((E82*F82)+(Q82*R82))/AD82) -> N.A. | AD82: =+F82+R82 -> 0 | AF82: =IF(AG82=0,"N.A.",((H82*I82)+(T82*U82))/AG82) -> 14.02 | AG82: =+I82+U82 -> 50.6 | AI82: =IF(AJ82=0,"N.A.",((B82*C82)+(N82*O82))/AJ82) -> 11.53 | AJ82: =+C82+O82 -> 20171.81 | AL82: =+AA82+AG82 -> 50.6 | AM82: =+AB82+AH82 -> 0 | AN82: =+AD82+AJ82 -> 20171.81 | AO82: =+AE82+AK82 -> 0
A83: JULIO DE 2012 | N83: 11.62 | O83: 14730.011 | T83: 13.49 | U83: 84.304 | Z83: =IF(AA83=0,"N.A.",((K83*L83)+(W83*X83))/AA83) -> N.A. | AA83: =+L83+X83 -> 0 | AC83: =IF(AD83=0,"N.A.",((E83*F83)+(Q83*R83))/AD83) -> N.A. | AD83: =+F83+R83 -> 0 | AF83: =IF(AG83=0,"N.A.",((H83*I83)+(T83*U83))/AG83) -> 13.49 | AG83: =+I83+U83 -> 84.304 | AI83: =IF(AJ83=0,"N.A.",((B83*C83)+(N83*O83))/AJ83) -> 11.62 | AJ83: =+C83+O83 -> 14730.011 | AL83: =+AA83+AG83 -> 84.304 | AM83: =+AB83+AH83 -> 0 | AN83: =+AD83+AJ83 -> 14730.011 | AO83: =+AE83+AK83 -> 0
A84: AGOSTO DE 2012 | N84: 11.45 | O84: 25738.403 | T84: 0 | U84: 0 | Z84: =IF(AA84=0,"N.A.",((K84*L84)+(W84*X84))/AA84) -> N.A. | AA84: =+L84+X84 -> 0 | AC84: =IF(AD84=0,"N.A.",((E84*F84)+(Q84*R84))/AD84) -> N.A. | AD84: =+F84+R84 -> 0 | AF84: =IF(AG84=0,"N.A.",((H84*I84)+(T84*U84))/AG84) -> N.A. | AG84: =+I84+U84 -> 0 | AI84: =IF(AJ84=0,"N.A.",((B84*C84)+(N84*O84))/AJ84) -> 11.45 | AJ84: =+C84+O84 -> 25738.403 | AL84: =+AA84+AG84 -> 0 | AM84: =+AB84+AH84 -> 0 | AN84: =+AD84+AJ84 -> 25738.403 | AO84: =+AE84+AK84 -> 0
A85: SEPTIEMBRE DE 2012 | N85: 11.5 | O85: 19859.959 | T85: 11.22 | U85: 50 | Z85: =IF(AA85=0,"N.A.",((K85*L85)+(W85*X85))/AA85) -> N.A. | AA85: =+L85+X85 -> 0 | AC85: =IF(AD85=0,"N.A.",((E85*F85)+(Q85*R85))/AD85) -> N.A. | AD85: =+F85+R85 -> 0 | AF85: =IF(AG85=0,"N.A.",((H85*I85)+(T85*U85))/AG85) -> 11.22 | AG85: =+I85+U85 -> 50 | AI85: =IF(AJ85=0,"N.A.",((B85*C85)+(N85*O85))/AJ85) -> 11.5 | AJ85: =+C85+O85 -> 19859.959 | AL85: =+AA85+AG85 -> 50 | AM85: =+AB85+AH85 -> 0 | AN85: =+AD85+AJ85 -> 19859.959 | AO85: =+AE85+AK85 -> 0
A86: OCTUBRE DE 2012 | N86: 11.48 | O86: 25278.135 | T86: 12.91 | U86: 73.2 | Z86: =IF(AA86=0,"N.A.",((K86*L86)+(W86*X86))/AA86) -> N.A. | AA86: =+L86+X86 -> 0 | AC86: =IF(AD86=0,"N.A.",((E86*F86)+(Q86*R86))/AD86) -> N.A. | AD86: =+F86+R86 -> 0 | AF86: =IF(AG86=0,"N.A.",((H86*I86)+(T86*U86))/AG86) -> 12.91 | AG86: =+I86+U86 -> 73.2 | AI86: =IF(AJ86=0,"N.A.",((B86*C86)+(N86*O86))/AJ86) -> 11.48 | AJ86: =+C86+O86 -> 25278.135 | AL86: =+AA86+AG86 -> 73.2 | AM86: =+AB86+AH86 -> 0 | AN86: =+AD86+AJ86 -> 25278.135 | AO86: =+AE86+AK86 -> 0
A87: NOVIEMBRE DE 2012 | N87: 11.52 | O87: 18859.049 | Z87: =IF(AA87=0,"N.A.",((K87*L87)+(W87*X87))/AA87) -> N.A. | AA87: =+L87+X87 -> 0 | AC87: =IF(AD87=0,"N.A.",((E87*F87)+(Q87*R87))/AD87) -> N.A. | AD87: =+F87+R87 -> 0 | AF87: =IF(AG87=0,"N.A.",((H87*I87)+(T87*U87))/AG87) -> N.A. | AG87: =+I87+U87 -> 0 | AI87: =IF(AJ87=0,"N.A.",((B87*C87)+(N87*O87))/AJ87) -> 11.52 | AJ87: =+C87+O87 -> 18859.049 | AL87: =+AA87+AG87 -> 0 | AM87: =+AB87+AH87 -> 0 | AN87: =+AD87+AJ87 -> 18859.049 | AO87: =+AE87+AK87 -> 0
A88: DICIEMBRE DE 2012 | N88: 11.49 | O88: 19096.06 | Z88: =IF(AA88=0,"N.A.",((K88*L88)+(W88*X88))/AA88) -> N.A. | AA88: =+L88+X88 -> 0 | AC88: =IF(AD88=0,"N.A.",((E88*F88)+(Q88*R88))/AD88) -> N.A. | AD88: =+F88+R88 -> 0 | AF88: =IF(AG88=0,"N.A.",((H88*I88)+(T88*U88))/AG88) -> N.A. | AG88: =+I88+U88 -> 0 | AI88: =IF(AJ88=0,"N.A.",((B88*C88)+(N88*O88))/AJ88) -> 11.49 | AJ88: =+C88+O88 -> 19096.06 | AL88: =+AA88+AG88 -> 0 | AM88: =+AB88+AH88 -> 0 | AN88: =+AD88+AJ88 -> 19096.06 | AO88: =+AE88+AK88 -> 0
A89: ENERO DE 2013 | N89: 11.34 | O89: 15384.834 | Z89: =IF(AA89=0,"N.A.",((K89*L89)+(W89*X89))/AA89) -> N.A. | AA89: =+L89+X89 -> 0 | AC89: =IF(AD89=0,"N.A.",((E89*F89)+(Q89*R89))/AD89) -> N.A. | AD89: =+F89+R89 -> 0 | AF89: =IF(AG89=0,"N.A.",((H89*I89)+(T89*U89))/AG89) -> N.A. | AG89: =+I89+U89 -> 0 | AI89: =IF(AJ89=0,"N.A.",((B89*C89)+(N89*O89))/AJ89) -> 11.34 | AJ89: =+C89+O89 -> 15384.834 | AL89: =+AA89+AG89 -> 0 | AM89: =+AB89+AH89 -> 0 | AN89: =+AD89+AJ89 -> 15384.834 | AO89: =+AE89+AK89 -> 0
A90: FEBRERO DE 2013 | N90: 11.11 | O90: 22464.365 | Z90: =IF(AA90=0,"N.A.",((K90*L90)+(W90*X90))/AA90) -> N.A. | AA90: =+L90+X90 -> 0 | AC90: =IF(AD90=0,"N.A.",((E90*F90)+(Q90*R90))/AD90) -> N.A. | AD90: =+F90+R90 -> 0 | AF90: =IF(AG90=0,"N.A.",((H90*I90)+(T90*U90))/AG90) -> N.A. | AG90: =+I90+U90 -> 0 | AI90: =IF(AJ90=0,"N.A.",((B90*C90)+(N90*O90))/AJ90) -> 11.11 | AJ90: =+C90+O90 -> 22464.365 | AL90: =+AA90+AG90 -> 0 | AM90: =+AB90+AH90 -> 0 | AN90: =+AD90+AJ90 -> 22464.365 | AO90: =+AE90+AK90 -> 0
A91: MARZO DE 2013 | N91: 10.99 | O91: 24816.433 | Z91: =IF(AA91=0,"N.A.",((K91*L91)+(W91*X91))/AA91) -> N.A. | AA91: =+L91+X91 -> 0 | AC91: =IF(AD91=0,"N.A.",((E91*F91)+(Q91*R91))/AD91) -> N.A. | AD91: =+F91+R91 -> 0 | AF91: =IF(AG91=0,"N.A.",((H91*I91)+(T91*U91))/AG91) -> N.A. | AG91: =+I91+U91 -> 0 | AI91: =IF(AJ91=0,"N.A.",((B91*C91)+(N91*O91))/AJ91) -> 10.99 | AJ91: =+C91+O91 -> 24816.433 | AL91: =+AA91+AG91 -> 0 | AM91: =+AB91+AH91 -> 0 | AN91: =+AD91+AJ91 -> 24816.433 | AO91: =+AE91+AK91 -> 0
A92: ABRIL DE 2013 | N92: 11 | O92: 16623.061 | Z92: =IF(AA92=0,"N.A.",((K92*L92)+(W92*X92))/AA92) -> N.A. | AA92: =+L92+X92 -> 0 | AC92: =IF(AD92=0,"N.A.",((E92*F92)+(Q92*R92))/AD92) -> N.A. | AD92: =+F92+R92 -> 0 | AF92: =IF(AG92=0,"N.A.",((H92*I92)+(T92*U92))/AG92) -> N.A. | AG92: =+I92+U92 -> 0 | AI92: =IF(AJ92=0,"N.A.",((B92*C92)+(N92*O92))/AJ92) -> 11 | AJ92: =+C92+O92 -> 16623.061 | AL92: =+AA92+AG92 -> 0 | AM92: =+AB92+AH92 -> 0 | AN92: =+AD92+AJ92 -> 16623.061 | AO92: =+AE92+AK92 -> 0
A93: MAYO DE 2013 | N93: 10.26 | O93: 27004.949 | T93: 12.54 | U93: 56 | Z93: =IF(AA93=0,"N.A.",((K93*L93)+(W93*X93))/AA93) -> N.A. | AA93: =+L93+X93 -> 0 | AC93: =IF(AD93=0,"N.A.",((E93*F93)+(Q93*R93))/AD93) -> N.A. | AD93: =+F93+R93 -> 0 | AF93: =IF(AG93=0,"N.A.",((H93*I93)+(T93*U93))/AG93) -> 12.54 | AG93: =+I93+U93 -> 56 | AI93: =IF(AJ93=0,"N.A.",((B93*C93)+(N93*O93))/AJ93) -> 10.26 | AJ93: =+C93+O93 -> 27004.949 | AL93: =+AA93+AG93 -> 56 | AM93: =+AB93+AH93 -> 0 | AN93: =+AD93+AJ93 -> 27004.949 | AO93: =+AE93+AK93 -> 0
A94: JUNIO DE 2013 | N94: 9.82 | O94: 20782.485 | Z94: =IF(AA94=0,"N.A.",((K94*L94)+(W94*X94))/AA94) -> N.A. | AA94: =+L94+X94 -> 0 | AC94: =IF(AD94=0,"N.A.",((E94*F94)+(Q94*R94))/AD94) -> N.A. | AD94: =+F94+R94 -> 0 | AF94: =IF(AG94=0,"N.A.",((H94*I94)+(T94*U94))/AG94) -> N.A. | AG94: =+I94+U94 -> 0 | AI94: =IF(AJ94=0,"N.A.",((B94*C94)+(N94*O94))/AJ94) -> 9.82 | AJ94: =+C94+O94 -> 20782.485 | AL94: =+AA94+AG94 -> 0 | AM94: =+AB94+AH94 -> 0 | AN94: =+AD94+AJ94 -> 20782.485 | AO94: =+AE94+AK94 -> 0
A95: JULIO DE 2013 | N95: 10.29 | O95: 22627.55 | T95: 10.95 | U95: 17.5 | Z95: =IF(AA95=0,"N.A.",((K95*L95)+(W95*X95))/AA95) -> N.A. | AA95: =+L95+X95 -> 0 | AC95: =IF(AD95=0,"N.A.",((E95*F95)+(Q95*R95))/AD95) -> N.A. | AD95: =+F95+R95 -> 0 | AF95: =IF(AG95=0,"N.A.",((H95*I95)+(T95*U95))/AG95) -> 10.95 | AG95: =+I95+U95 -> 17.5 | AI95: =IF(AJ95=0,"N.A.",((B95*C95)+(N95*O95))/AJ95) -> 10.29 | AJ95: =+C95+O95 -> 22627.55 | AL95: =+AA95+AG95 -> 17.5 | AM95: =+AB95+AH95 -> 0 | AN95: =+AD95+AJ95 -> 22627.55 | AO95: =+AE95+AK95 -> 0
A96: AGOSTO DE 2013 | N96: 10.48 | O96: 19443.722 | Z96: =IF(AA96=0,"N.A.",((K96*L96)+(W96*X96))/AA96) -> N.A. | AA96: =+L96+X96 -> 0 | AC96: =IF(AD96=0,"N.A.",((E96*F96)+(Q96*R96))/AD96) -> N.A. | AD96: =+F96+R96 -> 0 | AF96: =IF(AG96=0,"N.A.",((H96*I96)+(T96*U96))/AG96) -> N.A. | AG96: =+I96+U96 -> 0 | AI96: =IF(AJ96=0,"N.A.",((B96*C96)+(N96*O96))/AJ96) -> 10.48 | AJ96: =+C96+O96 -> 19443.722 | AL96: =+AA96+AG96 -> 0 | AM96: =+AB96+AH96 -> 0 | AN96: =+AD96+AJ96 -> 19443.722 | AO96: =+AE96+AK96 -> 0
A97: SEPTIEMBRE DE 2013 | N97: 10.3 | O97: 14405.415 | Z97: =IF(AA97=0,"N.A.",((K97*L97)+(W97*X97))/AA97) -> N.A. | AA97: =+L97+X97 -> 0 | AC97: =IF(AD97=0,"N.A.",((E97*F97)+(Q97*R97))/AD97) -> N.A. | AD97: =+F97+R97 -> 0 | AF97: =IF(AG97=0,"N.A.",((H97*I97)+(T97*U97))/AG97) -> N.A. | AG97: =+I97+U97 -> 0 | AI97: =IF(AJ97=0,"N.A.",((B97*C97)+(N97*O97))/AJ97) -> 10.3 | AJ97: =+C97+O97 -> 14405.415 | AL97: =+AA97+AG97 -> 0 | AM97: =+AB97+AH97 -> 0 | AN97: =+AD97+AJ97 -> 14405.415 | AO97: =+AE97+AK97 -> 0
A98: OCTUBRE DE 2013 | N98: 10.09 | O98: 23960.688 | Z98: =IF(AA98=0,"N.A.",((K98*L98)+(W98*X98))/AA98) -> N.A. | AA98: =+L98+X98 -> 0 | AC98: =IF(AD98=0,"N.A.",((E98*F98)+(Q98*R98))/AD98) -> N.A. | AD98: =+F98+R98 -> 0 | AF98: =IF(AG98=0,"N.A.",((H98*I98)+(T98*U98))/AG98) -> N.A. | AG98: =+I98+U98 -> 0 | AI98: =IF(AJ98=0,"N.A.",((B98*C98)+(N98*O98))/AJ98) -> 10.09 | AJ98: =+C98+O98 -> 23960.688 | AL98: =+AA98+AG98 -> 0 | AM98: =+AB98+AH98 -> 0 | AN98: =+AD98+AJ98 -> 23960.688 | AO98: =+AE98+AK98 -> 0
A99: NOVIEMBRE DE 2013 | N99: 10.15 | O99: 21802.878 | Z99: =IF(AA99=0,"N.A.",((K99*L99)+(W99*X99))/AA99) -> N.A. | AA99: =+L99+X99 -> 0 | AC99: =IF(AD99=0,"N.A.",((E99*F99)+(Q99*R99))/AD99) -> N.A. | AD99: =+F99+R99 -> 0 | AF99: =IF(AG99=0,"N.A.",((H99*I99)+(T99*U99))/AG99) -> N.A. | AG99: =+I99+U99 -> 0 | AI99: =IF(AJ99=0,"N.A.",((B99*C99)+(N99*O99))/AJ99) -> 10.15 | AJ99: =+C99+O99 -> 21802.878 | AL99: =+AA99+AG99 -> 0 | AM99: =+AB99+AH99 -> 0 | AN99: =+AD99+AJ99 -> 21802.878 | AO99: =+AE99+AK99 -> 0
A100: DICIEMBRE DE 2013 | N100: 10.28 | O100: 19748.289 | Z100: =IF(AA100=0,"N.A.",((K100*L100)+(W100*X100))/AA100) -> N.A. | AA100: =+L100+X100 -> 0 | AC100: =IF(AD100=0,"N.A.",((E100*F100)+(Q100*R100))/AD100) -> N.A. | AD100: =+F100+R100 -> 0 | AF100: =IF(AG100=0,"N.A.",((H100*I100)+(T100*U100))/AG100) -> N.A. | AG100: =+I100+U100 -> 0 | AI100: =IF(AJ100=0,"N.A.",((B100*C100)+(N100*O100))/AJ100) -> 10.28 | AJ100: =+C100+O100 -> 19748.289 | AL100: =+AA100+AG100 -> 0 | AM100: =+AB100+AH100 -> 0 | AN100: =+AD100+AJ100 -> 19748.289 | AO100: =+AE100+AK100 -> 0
A101: ENERO DE 2014 | N101: 10.19 | O101: 17711.86 | Z101: =IF(AA101=0,"N.A.",((K101*L101)+(W101*X101))/AA101) -> N.A. | AA101: =+L101+X101 -> 0 | AC101: =IF(AD101=0,"N.A.",((E101*F101)+(Q101*R101))/AD101) -> N.A. | AD101: =+F101+R101 -> 0 | AF101: =IF(AG101=0,"N.A.",((H101*I101)+(T101*U101))/AG101) -> N.A. | AG101: =+I101+U101 -> 0 | AI101: =IF(AJ101=0,"N.A.",((B101*C101)+(N101*O101))/AJ101) -> 10.19 | AJ101: =+C101+O101 -> 17711.86 | AL101: =+AA101+AG101 -> 0 | AM101: =+AB101+AH101 -> 0 | AN101: =+AD101+AJ101 -> 17711.86 | AO101: =+AE101+AK101 -> 0
A102: FEBRERO DE 2014 | N102: 10.54 | O102: 15260.319 | Z102: =IF(AA102=0,"N.A.",((K102*L102)+(W102*X102))/AA102) -> N.A. | AA102: =+L102+X102 -> 0 | AC102: =IF(AD102=0,"N.A.",((E102*F102)+(Q102*R102))/AD102) -> N.A. | AD102: =+F102+R102 -> 0 | AF102: =IF(AG102=0,"N.A.",((H102*I102)+(T102*U102))/AG102) -> N.A. | AG102: =+I102+U102 -> 0 | AI102: =IF(AJ102=0,"N.A.",((B102*C102)+(N102*O102))/AJ102) -> 10.54 | AJ102: =+C102+O102 -> 15260.319 | AL102: =+AA102+AG102 -> 0 | AM102: =+AB102+AH102 -> 0 | AN102: =+AD102+AJ102 -> 15260.319 | AO102: =+AE102+AK102 -> 0
A103: MARZO DE 2014 | N103: 10.16 | O103: 15918.57 | Z103: =IF(AA103=0,"N.A.",((K103*L103)+(W103*X103))/AA103) -> N.A. | AA103: =+L103+X103 -> 0 | AC103: =IF(AD103=0,"N.A.",((E103*F103)+(Q103*R103))/AD103) -> N.A. | AD103: =+F103+R103 -> 0 | AF103: =IF(AG103=0,"N.A.",((H103*I103)+(T103*U103))/AG103) -> N.A. | AG103: =+I103+U103 -> 0 | AI103: =IF(AJ103=0,"N.A.",((B103*C103)+(N103*O103))/AJ103) -> 10.16 | AJ103: =+C103+O103 -> 15918.57 | AL103: =+AA103+AG103 -> 0 | AM103: =+AB103+AH103 -> 0 | AN103: =+AD103+AJ103 -> 15918.57 | AO103: =+AE103+AK103 -> 0
A104: ABRIL DE 2014 | N104: 10.23 | O104: 24597.819 | Z104: =IF(AA104=0,"N.A.",((K104*L104)+(W104*X104))/AA104) -> N.A. | AA104: =+L104+X104 -> 0 | AC104: =IF(AD104=0,"N.A.",((E104*F104)+(Q104*R104))/AD104) -> N.A. | AD104: =+F104+R104 -> 0 | AF104: =IF(AG104=0,"N.A.",((H104*I104)+(T104*U104))/AG104) -> N.A. | AG104: =+I104+U104 -> 0 | AI104: =IF(AJ104=0,"N.A.",((B104*C104)+(N104*O104))/AJ104) -> 10.23 | AJ104: =+C104+O104 -> 24597.819 | AL104: =+AA104+AG104 -> 0 | AM104: =+AB104+AH104 -> 0 | AN104: =+AD104+AJ104 -> 24597.819 | AO104: =+AE104+AK104 -> 0
A105: MAYO DE 2014 | N105: 10.33 | O105: 20438.638 | Z105: =IF(AA105=0,"N.A.",((K105*L105)+(W105*X105))/AA105) -> N.A. | AA105: =+L105+X105 -> 0 | AC105: =IF(AD105=0,"N.A.",((E105*F105)+(Q105*R105))/AD105) -> N.A. | AD105: =+F105+R105 -> 0 | AF105: =IF(AG105=0,"N.A.",((H105*I105)+(T105*U105))/AG105) -> N.A. | AG105: =+I105+U105 -> 0 | AI105: =IF(AJ105=0,"N.A.",((B105*C105)+(N105*O105))/AJ105) -> 10.33 | AJ105: =+C105+O105 -> 20438.638 | AL105: =+AA105+AG105 -> 0 | AM105: =+AB105+AH105 -> 0 | AN105: =+AD105+AJ105 -> 20438.638 | AO105: =+AE105+AK105 -> 0
A106: JUNIO DE 2014 | N106: 10.68 | O106: 19599.134 | Z106: =IF(AA106=0,"N.A.",((K106*L106)+(W106*X106))/AA106) -> N.A. | AA106: =+L106+X106 -> 0 | AC106: =IF(AD106=0,"N.A.",((E106*F106)+(Q106*R106))/AD106) -> N.A. | AD106: =+F106+R106 -> 0 | AF106: =IF(AG106=0,"N.A.",((H106*I106)+(T106*U106))/AG106) -> N.A. | AG106: =+I106+U106 -> 0 | AI106: =IF(AJ106=0,"N.A.",((B106*C106)+(N106*O106))/AJ106) -> 10.68 | AJ106: =+C106+O106 -> 19599.134 | AL106: =+AA106+AG106 -> 0 | AM106: =+AB106+AH106 -> 0 | AN106: =+AD106+AJ106 -> 19599.134 | AO106: =+AE106+AK106 -> 0
A107: JULIO DE 2014 | N107: 10.54 | O107: 21632.089 | Z107: =IF(AA107=0,"N.A.",((K107*L107)+(W107*X107))/AA107) -> N.A. | AA107: =+L107+X107 -> 0 | AC107: =IF(AD107=0,"N.A.",((E107*F107)+(Q107*R107))/AD107) -> N.A. | AD107: =+F107+R107 -> 0 | AF107: =IF(AG107=0,"N.A.",((H107*I107)+(T107*U107))/AG107) -> N.A. | AG107: =+I107+U107 -> 0 | AI107: =IF(AJ107=0,"N.A.",((B107*C107)+(N107*O107))/AJ107) -> 10.54 | AJ107: =+C107+O107 -> 21632.089 | AL107: =+AA107+AG107 -> 0 | AM107: =+AB107+AH107 -> 0 | AN107: =+AD107+AJ107 -> 21632.089 | AO107: =+AE107+AK107 -> 0
... A120: AGOSTO DE 2015 | N120: 10.35 | O120: 37340.874 | Z120: =IF(AA120=0,"N.A.",((K120*L120)+(W120*X120))/AA120) -> N.A. | AA120: =+L120+X120 -> 0 | AC120: =IF(AD120=0,"N.A.",((E120*F120)+(Q120*R120))/AD120) -> N.A. | AD120: =+F120+R120 -> 0 | AF120: =IF(AG120=0,"N.A.",((H120*I120)+(T120*U120))/AG120) -> N.A. | AG120: =+I120+U120 -> 0 | AI120: =IF(AJ120=0,"N.A.",((B120*C120)+(N120*O120))/AJ120) -> 10.35 | AJ120: =+C120+O120 -> 37340.874 | AL120: =+AA120+AG120 -> 0 | AM120: =+AB120+AH120 -> 0 | AN120: =+AD120+AJ120 -> 37340.874 | AO120: =+AE120+AK120 -> 0
A121: SEPTIEMBRE DE 2015 | B121: 10.73 | C121: 4135 | N121: 10.24 | O121: 64167.001 | Z121: =IF(AA121=0,"N.A.",((K121*L121)+(W121*X121))/AA121) -> N.A. | AA121: =+L121+X121 -> 0 | AC121: =IF(AD121=0,"N.A.",((E121*F121)+(Q121*R121))/AD121) -> N.A. | AD121: =+F121+R121 -> 0 | AF121: =IF(AG121=0,"N.A.",((H121*I121)+(T121*U121))/AG121) -> N.A. | AG121: =+I121+U121 -> 0 | AI121: =IF(AJ121=0,"N.A.",((B121*C121)+(N121*O121))/AJ121) -> 10.269665 | AJ121: =+C121+O121 -> 68302.001 | AL121: =+AA121+AG121 -> 0 | AM121: =+AB121+AH121 -> 0 | AN121: =+AD121+AJ121 -> 68302.001 | AO121: =+AE121+AK121 -> 0
A122: OCTUBRE DE 2015 | B122: 10.39 | C122: 2900 | N122: 10.29 | O122: 49600.998 | Z122: =IF(AA122=0,"N.A.",((K122*L122)+(W122*X122))/AA122) -> N.A. | AA122: =+L122+X122 -> 0 | AC122: =IF(AD122=0,"N.A.",((E122*F122)+(Q122*R122))/AD122) -> N.A. | AD122: =+F122+R122 -> 0 | AF122: =IF(AG122=0,"N.A.",((H122*I122)+(T122*U122))/AG122) -> N.A. | AG122: =+I122+U122 -> 0 | AI122: =IF(AJ122=0,"N.A.",((B122*C122)+(N122*O122))/AJ122) -> 10.295524 | AJ122: =+C122+O122 -> 52500.998 | AL122: =+AA122+AG122 -> 0 | AM122: =+AB122+AH122 -> 0 | AN122: =+AD122+AJ122 -> 52500.998 | AO122: =+AE122+AK122 -> 0
A123: NOVIEMBRE DE 2015 | B123: 10.41 | C123: 5524.4 | N123: 10.96 | O123: 31656.271 | Z123: =IF(AA123=0,"N.A.",((K123*L123)+(W123*X123))/AA123) -> N.A. | AA123: =+L123+X123 -> 0 | AC123: =IF(AD123=0,"N.A.",((E123*F123)+(Q123*R123))/AD123) -> N.A. | AD123: =+F123+R123 -> 0 | AF123: =IF(AG123=0,"N.A.",((H123*I123)+(T123*U123))/AG123) -> N.A. | AG123: =+I123+U123 -> 0 | AI123: =IF(AJ123=0,"N.A.",((B123*C123)+(N123*O123))/AJ123) -> 10.87828 | AJ123: =+C123+O123 -> 37180.671 | AL123: =+AA123+AG123 -> 0 | AM123: =+AB123+AH123 -> 0 | AN123: =+AD123+AJ123 -> 37180.671 | AO123: =+AE123+AK123 -> 0
A124: DICIEMBRE DE 2015 | B124: 10.28 | C124: 7166.348 | N124: 10.99 | O124: 56099.496 | Z124: =IF(AA124=0,"N.A.",((K124*L124)+(W124*X124))/AA124) -> N.A. | AA124: =+L124+X124 -> 0 | AC124: =IF(AD124=0,"N.A.",((E124*F124)+(Q124*R124))/AD124) -> N.A. | AD124: =+F124+R124 -> 0 | AF124: =IF(AG124=0,"N.A.",((H124*I124)+(T124*U124))/AG124) -> N.A. | AG124: =+I124+U124 -> 0 | AI124: =IF(AJ124=0,"N.A.",((B124*C124)+(N124*O124))/AJ124) -> 10.909576 | AJ124: =+C124+O124 -> 63265.844 | AL124: =+AA124+AG124 -> 0 | AM124: =+AB124+AH124 -> 0 | AN124: =+AD124+AJ124 -> 63265.844 | AO124: =+AE124+AK124 -> 0
A125: ENERO DE 2016 | C125: 0 | N125: 11.14 | O125: 31265.429 | Z125: =IF(AA125=0,"N.A.",((K125*L125)+(W125*X125))/AA125) -> N.A. | AA125: =+L125+X125 -> 0 | AC125: =IF(AD125=0,"N.A.",((E125*F125)+(Q125*R125))/AD125) -> N.A. | AD125: =+F125+R125 -> 0 | AF125: =IF(AG125=0,"N.A.",((H125*I125)+(T125*U125))/AG125) -> N.A. | AG125: =+I125+U125 -> 0 | AI125: =IF(AJ125=0,"N.A.",((B125*C125)+(N125*O125))/AJ125) -> 11.14 | AJ125: =+C125+O125 -> 31265.429 | AL125: =+AA125+AG125 -> 0 | AM125: =+AB125+AH125 -> 0 | AN125: =+AD125+AJ125 -> 31265.429 | AO125: =+AE125+AK125 -> 0
A126: FEBRERO DE 2016 | B126: 11.15 | C126: 20733.25 | N126: 11.16 | O126: 30847.64 | Z126: =IF(AA126=0,"N.A.",((K126*L126)+(W126*X126))/AA126) -> N.A. | AA126: =+L126+X126 -> 0 | AC126: =IF(AD126=0,"N.A.",((E126*F126)+(Q126*R126))/AD126) -> N.A. | AD126: =+F126+R126 -> 0 | AF126: =IF(AG126=0,"N.A.",((H126*I126)+(T126*U126))/AG126) -> N.A. | AG126: =+I126+U126 -> 0 | AI126: =IF(AJ126=0,"N.A.",((B126*C126)+(N126*O126))/AJ126) -> 11.15598 | AJ126: =+C126+O126 -> 51580.89 | AL126: =+AA126+AG126 -> 0 | AM126: =+AB126+AH126 -> 0 | AN126: =+AD126+AJ126 -> 51580.89 | AO126: =+AE126+AK126 -> 0
A127: MARZO DE 2016 | B127: 10.82 | C127: 18745.626 | N127: 11.71 | O127: 33763.313 | Z127: =IF(AA127=0,"N.A.",((K127*L127)+(W127*X127))/AA127) -> N.A. | AA127: =+L127+X127 -> 0 | AC127: =IF(AD127=0,"N.A.",((E127*F127)+(Q127*R127))/AD127) -> N.A. | AD127: =+F127+R127 -> 0 | AF127: =IF(AG127=0,"N.A.",((H127*I127)+(T127*U127))/AG127) -> N.A. | AG127: =+I127+U127 -> 0 | AI127: =IF(AJ127=0,"N.A.",((B127*C127)+(N127*O127))/AJ127) -> 11.392271 | AJ127: =+C127+O127 -> 52508.939 | AL127: =+AA127+AG127 -> 0 | AM127: =+AB127+AH127 -> 0 | AN127: =+AD127+AJ127 -> 52508.939 | AO127: =+AE127+AK127 -> 0
A128: ABRIL DE 2016 | B128: 10.76 | C128: 7996.593 | N128: 12.26 | O128: 46255.437 | Z128: =IF(AA128=0,"N.A.",((K128*L128)+(W128*X128))/AA128) -> N.A. | AA128: =+L128+X128 -> 0 | AC128: =IF(AD128=0,"N.A.",((E128*F128)+(Q128*R128))/AD128) -> N.A. | AD128: =+F128+R128 -> 0 | AF128: =IF(AG128=0,"N.A.",((H128*I128)+(T128*U128))/AG128) -> N.A. | AG128: =+I128+U128 -> 0 | AI128: =IF(AJ128=0,"N.A.",((B128*C128)+(N128*O128))/AJ128) -> 12.038904 | AJ128: =+C128+O128 -> 54252.03 | AL128: =+AA128+AG128 -> 0 | AM128: =+AB128+AH128 -> 0 | AN128: =+AD128+AJ128 -> 54252.03 | AO128: =+AE128+AK128 -> 0
A129: MAYO DE 2016 | B129: 11.64 | C129: 21599.577 | N129: 12.09 | O129: 43165.784 | Z129: =IF(AA129=0,"N.A.",((K129*L129)+(W129*X129))/AA129) -> N.A. | AA129: =+L129+X129 -> 0 | AC129: =IF(AD129=0,"N.A.",((E129*F129)+(Q129*R129))/AD129) -> N.A. | AD129: =+F129+R129 -> 0 | AF129: =IF(AG129=0,"N.A.",((H129*I129)+(T129*U129))/AG129) -> N.A. | AG129: =+I129+U129 -> 0 | AI129: =IF(AJ129=0,"N.A.",((B129*C129)+(N129*O129))/AJ129) -> 11.939923 | AJ129: =+C129+O129 -> 64765.361 | AL129: =+AA129+AG129 -> 0 | AM129: =+AB129+AH129 -> 0 | AN129: =+AD129+AJ129 -> 64765.361 | AO129: =+AE129+AK129 -> 0
A130: JUNIO DE 2016 | B130: 11.74 | C130: 27501.17 | N130: 12.09 | O130: 44680.001 | Z130: =IF(AA130=0,"N.A.",((K130*L130)+(W130*X130))/AA130) -> N.A. | AA130: =+L130+X130 -> 0 | AC130: =IF(AD130=0,"N.A.",((E130*F130)+(Q130*R130))/AD130) -> N.A. | AD130: =+F130+R130 -> 0 | AF130: =IF(AG130=0,"N.A.",((H130*I130)+(T130*U130))/AG130) -> N.A. | AG130: =+I130+U130 -> 0 | AI130: =IF(AJ130=0,"N.A.",((B130*C130)+(N130*O130))/AJ130) -> 11.956649 | AJ130: =+C130+O130 -> 72181.171 | AL130: =+AA130+AG130 -> 0 | AM130: =+AB130+AH130 -> 0 | AN130: =+AD130+AJ130 -> 72181.171 | AO130: =+AE130+AK130 -> 0
A131: JULIO DE 2016 | B131: 12.21 | C131: 16390.813 | N131: 12.23 | O131: 32173.66 | Z131: =IF(AA131=0,"N.A.",((K131*L131)+(W131*X131))/AA131) -> N.A. | AA131: =+L131+X131 -> 0 | AC131: =IF(AD131=0,"N.A.",((E131*F131)+(Q131*R131))/AD131) -> N.A. | AD131: =+F131+R131 -> 0 | AF131: =IF(AG131=0,"N.A.",((H131*I131)+(T131*U131))/AG131) -> N.A. | AG131: =+I131+U131 -> 0 | AI131: =IF(AJ131=0,"N.A.",((B131*C131)+(N131*O131))/AJ131) -> 12.22325 | AJ131: =+C131+O131 -> 48564.473 | AL131: =+AA131+AG131 -> 0 | AM131: =+AB131+AH131 -> 0 | AN131: =+AD131+AJ131 -> 48564.473 | AO131: =+AE131+AK131 -> 0
A132: AGOSTO DE 2016 | B132: 11.64 | C132: 30295.859 | N132: 12.25 | O132: 44932.325 | Z132: =IF(AA132=0,"N.A.",((K132*L132)+(W132*X132))/AA132) -> N.A. | AA132: =+L132+X132 -> 0 | AC132: =IF(AD132=0,"N.A.",((E132*F132)+(Q132*R132))/AD132) -> N.A. | AD132: =+F132+R132 -> 0 | AF132: =IF(AG132=0,"N.A.",((H132*I132)+(T132*U132))/AG132) -> N.A. | AG132: =+I132+U132 -> 0 | AI132: =IF(AJ132=0,"N.A.",((B132*C132)+(N132*O132))/AJ132) -> 12.004341 | AJ132: =+C132+O132 -> 75228.184 | AL132: =+AA132+AG132 -> 0 | AM132: =+AB132+AH132 -> 0 | AN132: =+AD132+AJ132 -> 75228.184 | AO132: =+AE132+AK132 -> 0
A133: SEPTIEMBRE DE 2016 | B133: 11.91 | C133: 27251.339 | N133: 12.13 | O133: 37527 | Z133: =IF(AA133=0,"N.A.",((K133*L133)+(W133*X133))/AA133) -> N.A. | AA133: =+L133+X133 -> 0 | AC133: =IF(AD133=0,"N.A.",((E133*F133)+(Q133*R133))/AD133) -> N.A. | AD133: =+F133+R133 -> 0 | AF133: =IF(AG133=0,"N.A.",((H133*I133)+(T133*U133))/AG133) -> N.A. | AG133: =+I133+U133 -> 0 | AI133: =IF(AJ133=0,"N.A.",((B133*C133)+(N133*O133))/AJ133) -> 12.037449 | AJ133: =+C133+O133 -> 64778.339 | AL133: =+AA133+AG133 -> 0 | AM133: =+AB133+AH133 -> 0 | AN133: =+AD133+AJ133 -> 64778.339 | AO133: =+AE133+AK133 -> 0
A134: OCTUBRE DE 2016 | B134: 11.88 | C134: 32805.286 | N134: 12.15 | O134: 52238.879 | Z134: =IF(AA134=0,"N.A.",((K134*L134)+(W134*X134))/AA134) -> N.A. | AA134: =+L134+X134 -> 0 | AC134: =IF(AD134=0,"N.A.",((E134*F134)+(Q134*R134))/AD134) -> N.A. | AD134: =+F134+R134 -> 0 | AF134: =IF(AG134=0,"N.A.",((H134*I134)+(T134*U134))/AG134) -> N.A. | AG134: =+I134+U134 -> 0 | AI134: =IF(AJ134=0,"N.A.",((B134*C134)+(N134*O134))/AJ134) -> 12.045849 | AJ134: =+C134+O134 -> 85044.165 | AL134: =+AA134+AG134 -> 0 | AM134: =+AB134+AH134 -> 0 | AN134: =+AD134+AJ134 -> 85044.165 | AO134: =+AE134+AK134 -> 0
A135: NOVIEMBRE DE 2016 | B135: 12.33 | C135: 39216.833 | N135: 12.16 | O135: 44577.268 | Z135: =IF(AA135=0,"N.A.",((K135*L135)+(W135*X135))/AA135) -> N.A. | AA135: =+L135+X135 -> 0 | AC135: =IF(AD135=0,"N.A.",((E135*F135)+(Q135*R135))/AD135) -> N.A. | AD135: =+F135+R135 -> 0 | AF135: =IF(AG135=0,"N.A.",((H135*I135)+(T135*U135))/AG135) -> N.A. | AG135: =+I135+U135 -> 0 | AI135: =IF(AJ135=0,"N.A.",((B135*C135)+(N135*O135))/AJ135) -> 12.239562 | AJ135: =+C135+O135 -> 83794.101 | AL135: =+AA135+AG135 -> 0 | AM135: =+AB135+AH135 -> 0 | AN135: =+AD135+AJ135 -> 83794.101 | AO135: =+AE135+AK135 -> 0
A136: DICIEMBRE DE 2016 | B136: 12.14 | C136: 37707.83 | N136: 12.02 | O136: 58408.169 | Z136: =IF(AA136=0,"N.A.",((K136*L136)+(W136*X136))/AA136) -> N.A. | AA136: =+L136+X136 -> 0 | AC136: =IF(AD136=0,"N.A.",((E136*F136)+(Q136*R136))/AD136) -> N.A. | AD136: =+F136+R136 -> 0 | AF136: =IF(AG136=0,"N.A.",((H136*I136)+(T136*U136))/AG136) -> N.A. | AG136: =+I136+U136 -> 0 | AI136: =IF(AJ136=0,"N.A.",((B136*C136)+(N136*O136))/AJ136) -> 12.067078 | AJ136: =+C136+O136 -> 96115.999 | AL136: =+AA136+AG136 -> 0 | AM136: =+AB136+AH136 -> 0 | AN136: =+AD136+AJ136 -> 96115.999 | AO136: =+AE136+AK136 -> 0
A137: ENERO DE 2017 | B137: 12.47 | C137: 28958.185 | N137: 11.9 | O137: 26952.766 | Z137: =IF(AA137=0,"N.A.",((K137*L137)+(W137*X137))/AA137) -> N.A. | AA137: =+L137+X137 -> 0 | AC137: =IF(AD137=0,"N.A.",((E137*F137)+(Q137*R137))/AD137) -> N.A. | AD137: =+F137+R137 -> 0 | AF137: =IF(AG137=0,"N.A.",((H137*I137)+(T137*U137))/AG137) -> N.A. | AG137: =+I137+U137 -> 0 | AI137: =IF(AJ137=0,"N.A.",((B137*C137)+(N137*O137))/AJ137) -> 12.195222 | AJ137: =+C137+O137 -> 55910.951 | AL137: =+AA137+AG137 -> 0 | AM137: =+AB137+AH137 -> 0 | AN137: =+AD137+AJ137 -> 55910.951 | AO137: =+AE137+AK137 -> 0
... A174: FEBRERO DE 2020 | B174: 9.9575379 | C174: 59042.802 | N174: 10.106554 | O174: 55728.651 | Z174: =IF(AA174=0,"N.A.",((K174*L174)+(W174*X174))/AA174) -> N.A. | AA174: =+L174+X174 -> 0 | AC174: =IF(AD174=0,"N.A.",((E174*F174)+(Q174*R174))/AD174) -> N.A. | AD174: =+F174+R174 -> 0 | AF174: =IF(AG174=0,"N.A.",((H174*I174)+(T174*U174))/AG174) -> N.A. | AG174: =+I174+U174 -> 0 | AI174: =IF(AJ174=0,"N.A.",((B174*C174)+(N174*O174))/AJ174) -> 10.029895 | AJ174: =+C174+O174 -> 114771.45 | AL174: =+AA174+AG174 -> 0 | AM174: =+AB174+AH174 -> 0 | AN174: =+AD174+AJ174 -> 114771.45 | AO174: =+AE174+AK174 -> 0
A175: MARZO DE 2020 | B175: 9.8612946 | C175: 67423.61 | D175: 64 | N175: 9.8598174 | O175: 33068.652 | P175: 138 | Z175: =IF(AA175=0,"N.A.",((K175*L175)+(W175*X175))/AA175) -> N.A. | AA175: =+L175+X175 -> 0 | AB175: =+M175+Y175 -> 0 | AC175: =IF(AD175=0,"N.A.",((E175*F175)+(Q175*R175))/AD175) -> N.A. | AD175: =+F175+R175 -> 0 | AE175: =+G175+S175 -> 0 | AF175: =IF(AG175=0,"N.A.",((H175*I175)+(T175*U175))/AG175) -> N.A. | AG175: =+I175+U175 -> 0 | AH175: =+J175+V175 -> 0 | AI175: =IF(AJ175=0,"N.A.",((B175*C175)+(N175*O175))/AJ175) -> 9.8608085 | AJ175: =+C175+O175 -> 100492.26 | AK175: =+D175+P175 -> 202 | AL175: =+AA175+AG175 -> 0 | AM175: =+AB175+AH175 -> 0 | AN175: =+AD175+AJ175 -> 100492.26 | AO175: =+AE175+AK175 -> 202
A176: ABRIL DE 2020 | B176: 9.9468671 | C176: 31478.791 | D176: 27 | N176: 9.8454028 | O176: 18043.185 | P176: 58 | Z176: =IF(AA176=0,"N.A.",((K176*L176)+(W176*X176))/AA176) -> N.A. | AA176: =+L176+X176 -> 0 | AB176: =+M176+Y176 -> 0 | AC176: =IF(AD176=0,"N.A.",((E176*F176)+(Q176*R176))/AD176) -> N.A. | AD176: =+F176+R176 -> 0 | AE176: =+G176+S176 -> 0 | AF176: =IF(AG176=0,"N.A.",((H176*I176)+(T176*U176))/AG176) -> N.A. | AG176: =+I176+U176 -> 0 | AH176: =+J176+V176 -> 0 | AI176: =IF(AJ176=0,"N.A.",((B176*C176)+(N176*O176))/AJ176) -> 9.9098989 | AJ176: =+C176+O176 -> 49521.976 | AK176: =+D176+P176 -> 85 | AL176: =+AA176+AG176 -> 0 | AM176: =+AB176+AH176 -> 0 | AN176: =+AD176+AJ176 -> 49521.976 | AO176: =+AE176+AK176 -> 85
A177: MAYO DE 2020 | B177: 9.9725354 | C177: 17420.883 | D177: 26 | Z177: =IF(AA177=0,"N.A.",((K177*L177)+(W177*X177))/AA177) -> N.A. | AA177: =+L177+X177 -> 0 | AB177: =+M177+Y177 -> 0 | AC177: =IF(AD177=0,"N.A.",((E177*F177)+(Q177*R177))/AD177) -> N.A. | AD177: =+F177+R177 -> 0 | AE177: =+G177+S177 -> 0 | AF177: =IF(AG177=0,"N.A.",((H177*I177)+(T177*U177))/AG177) -> N.A. | AG177: =+I177+U177 -> 0 | AH177: =+J177+V177 -> 0 | AI177: =IF(AJ177=0,"N.A.",((B177*C177)+(N177*O177))/AJ177) -> 9.9725354 | AJ177: =+C177+O177 -> 17420.883 | AK177: =+D177+P177 -> 26 | AL177: =+AA177+AG177 -> 0 | AM177: =+AB177+AH177 -> 0 | AN177: =+AD177+AJ177 -> 17420.883 | AO177: =+AE177+AK177 -> 26
A178: JUNIO DE 2020 | B178: 10.121983 | C178: 31968.496 | D178: 38 | N178: 10.01309 | O178: 35796.308 | P178: 157 | Z178: =IF(AA178=0,"N.A.",((K178*L178)+(W178*X178))/AA178) -> N.A. | AA178: =+L178+X178 -> 0 | AB178: =+M178+Y178 -> 0 | AC178: =IF(AD178=0,"N.A.",((E178*F178)+(Q178*R178))/AD178) -> N.A. | AD178: =+F178+R178 -> 0 | AE178: =+G178+S178 -> 0 | AF178: =IF(AG178=0,"N.A.",((H178*I178)+(T178*U178))/AG178) -> N.A. | AG178: =+I178+U178 -> 0 | AH178: =+J178+V178 -> 0 | AI178: =IF(AJ178=0,"N.A.",((B178*C178)+(N178*O178))/AJ178) -> 10.064461 | AJ178: =+C178+O178 -> 67764.804 | AK178: =+D178+P178 -> 195 | AL178: =+AA178+AG178 -> 0 | AM178: =+AB178+AH178 -> 0 | AN178: =+AD178+AJ178 -> 67764.804 | AO178: =+AE178+AK178 -> 195
A179: JULIO DE 2020 | B179: 9.8836686 | C179: 61963.794 | D179: 73 | N179: 9.8533285 | O179: 49589.775 | P179: 236 | Z179: =IF(AA179=0,"N.A.",((K179*L179)+(W179*X179))/AA179) -> N.A. | AA179: =+L179+X179 -> 0 | AB179: =+M179+Y179 -> 0 | AC179: =IF(AD179=0,"N.A.",((E179*F179)+(Q179*R179))/AD179) -> N.A. | AD179: =+F179+R179 -> 0 | AE179: =+G179+S179 -> 0 | AF179: =IF(AG179=0,"N.A.",((H179*I179)+(T179*U179))/AG179) -> N.A. | AG179: =+I179+U179 -> 0 | AH179: =+J179+V179 -> 0 | AI179: =IF(AJ179=0,"N.A.",((B179*C179)+(N179*O179))/AJ179) -> 9.8701813 | AJ179: =+C179+O179 -> 111553.57 | AK179: =+D179+P179 -> 309 | AL179: =+AA179+AG179 -> 0 | AM179: =+AB179+AH179 -> 0 | AN179: =+AD179+AJ179 -> 111553.57 | AO179: =+AE179+AK179 -> 309
A180: AGOSTO DE 2020 | B180: 9.7647308 | C180: 31330.64 | D180: 41 | N180: 9.9181246 | O180: 31896.872 | P180: 159 | Z180: =IF(AA180=0,"N.A.",((K180*L180)+(W180*X180))/AA180) -> N.A. | AA180: =+L180+X180 -> 0 | AB180: =+M180+Y180 -> 0 | AC180: =IF(AD180=0,"N.A.",((E180*F180)+(Q180*R180))/AD180) -> N.A. | AD180: =+F180+R180 -> 0 | AE180: =+G180+S180 -> 0 | AF180: =IF(AG180=0,"N.A.",((H180*I180)+(T180*U180))/AG180) -> N.A. | AG180: =+I180+U180 -> 0 | AH180: =+J180+V180 -> 0 | AI180: =IF(AJ180=0,"N.A.",((B180*C180)+(N180*O180))/AJ180) -> 9.8421146 | AJ180: =+C180+O180 -> 63227.512 | AK180: =+D180+P180 -> 200 | AL180: =+AA180+AG180 -> 0 | AM180: =+AB180+AH180 -> 0 | AN180: =+AD180+AJ180 -> 63227.512 | AO180: =+AE180+AK180 -> 200
A181: SEPTIEMBRE DE 2020 | B181: 9.6442385 | C181: 57780.566 | D181: 70 | N181: 9.6080015 | O181: 53558.26 | P181: 233 | Z181: =IF(AA181=0,"N.A.",((K181*L181)+(W181*X181))/AA181) -> N.A. | AA181: =+L181+X181 -> 0 | AB181: =+M181+Y181 -> 0 | AC181: =IF(AD181=0,"N.A.",((E181*F181)+(Q181*R181))/AD181) -> N.A. | AD181: =+F181+R181 -> 0 | AE181: =+G181+S181 -> 0 | AF181: =IF(AG181=0,"N.A.",((H181*I181)+(T181*U181))/AG181) -> N.A. | AG181: =+I181+U181 -> 0 | AH181: =+J181+V181 -> 0 | AI181: =IF(AJ181=0,"N.A.",((B181*C181)+(N181*O181))/AJ181) -> 9.6268071 | AJ181: =+C181+O181 -> 111338.83 | AK181: =+D181+P181 -> 303 | AL181: =+AA181+AG181 -> 0 | AM181: =+AB181+AH181 -> 0 | AN181: =+AD181+AJ181 -> 111338.83 | AO181: =+AE181+AK181 -> 303
A182: OCTUBRE DE 2020 | B182: 9.6912181 | C182: 24963.572 | D182: 41 | N182: 9.2765447 | O182: 57247.302 | P182: 294 | Z182: =IF(AA182=0,"N.A.",((K182*L182)+(W182*X182))/AA182) -> N.A. | AA182: =+L182+X182 -> 0 | AB182: =+M182+Y182 -> 0 | AC182: =IF(AD182=0,"N.A.",((E182*F182)+(Q182*R182))/AD182) -> N.A. | AD182: =+F182+R182 -> 0 | AE182: =+G182+S182 -> 0 | AF182: =IF(AG182=0,"N.A.",((H182*I182)+(T182*U182))/AG182) -> N.A. | AG182: =+I182+U182 -> 0 | AH182: =+J182+V182 -> 0 | AI182: =IF(AJ182=0,"N.A.",((B182*C182)+(N182*O182))/AJ182) -> 9.4024615 | AJ182: =+C182+O182 -> 82210.874 | AK182: =+D182+P182 -> 335 | AL182: =+AA182+AG182 -> 0 | AM182: =+AB182+AH182 -> 0 | AN182: =+AD182+AJ182 -> 82210.874 | AO182: =+AE182+AK182 -> 335
A183: NOVIEMBRE DE 2020 | B183: 9.3942159 | C183: 30164.828 | D183: 44 | N183: 8.8062021 | O183: 68955.481 | P183: 327 | Z183: =IF(AA183=0,"N.A.",((K183*L183)+(W183*X183))/AA183) -> N.A. | AA183: =+L183+X183 -> 0 | AB183: =+M183+Y183 -> 0 | AC183: =IF(AD183=0,"N.A.",((E183*F183)+(Q183*R183))/AD183) -> N.A. | AD183: =+F183+R183 -> 0 | AE183: =+G183+S183 -> 0 | AF183: =IF(AG183=0,"N.A.",((H183*I183)+(T183*U183))/AG183) -> N.A. | AG183: =+I183+U183 -> 0 | AH183: =+J183+V183 -> 0 | AI183: =IF(AJ183=0,"N.A.",((B183*C183)+(N183*O183))/AJ183) -> 8.9851496 | AJ183: =+C183+O183 -> 99120.309 | AK183: =+D183+P183 -> 371 | AL183: =+AA183+AG183 -> 0 | AM183: =+AB183+AH183 -> 0 | AN183: =+AD183+AJ183 -> 99120.309 | AO183: =+AE183+AK183 -> 371
A184: DICIEMBRE DE 2020 | B184: 9.08112 | C184: 53842.483 | D184: 65 | N184: 8.484896 | O184: 114467.41 | P184: 565 | Z184: =IF(AA184=0,"N.A.",((K184*L184)+(W184*X184))/AA184) -> N.A. | AA184: =+L184+X184 -> 0 | AB184: =+M184+Y184 -> 0 | AC184: =IF(AD184=0,"N.A.",((E184*F184)+(Q184*R184))/AD184) -> N.A. | AD184: =+F184+R184 -> 0 | AE184: =+G184+S184 -> 0 | AF184: =IF(AG184=0,"N.A.",((H184*I184)+(T184*U184))/AG184) -> N.A. | AG184: =+I184+U184 -> 0 | AH184: =+J184+V184 -> 0 | AI184: =IF(AJ184=0,"N.A.",((B184*C184)+(N184*O184))/AJ184) -> 8.6756286 | AJ184: =+C184+O184 -> 168309.9 | AK184: =+D184+P184 -> 630 | AL184: =+AA184+AG184 -> 0 | AM184: =+AB184+AH184 -> 0 | AN184: =+AD184+AJ184 -> 168309.9 | AO184: =+AE184+AK184 -> 630
A185: ENERO DE 2021 | B185: 9.4487571 | C185: 29094.114 | D185: 33 | N185: 8.1591661 | O185: 83219.057 | P185: 442 | Z185: =IF(AA185=0,"N.A.",((K185*L185)+(W185*X185))/AA185) -> N.A. | AA185: =+L185+X185 -> 0 | AB185: =+M185+Y185 -> 0 | AC185: =IF(AD185=0,"N.A.",((E185*F185)+(Q185*R185))/AD185) -> N.A. | AD185: =+F185+R185 -> 0 | AE185: =+G185+S185 -> 0 | AF185: =IF(AG185=0,"N.A.",((H185*I185)+(T185*U185))/AG185) -> N.A. | AG185: =+I185+U185 -> 0 | AH185: =+J185+V185 -> 0 | AI185: =IF(AJ185=0,"N.A.",((B185*C185)+(N185*O185))/AJ185) -> 8.4932277 | AJ185: =+C185+O185 -> 112313.17 | AK185: =+D185+P185 -> 475 | AL185: =+AA185+AG185 -> 0 | AM185: =+AB185+AH185 -> 0 | AN185: =+AD185+AJ185 -> 112313.17 | AO185: =+AE185+AK185 -> 475
A186: FEBRERO DE 2021 | B186: 9.3055115 | C186: 27766.78 | D186: 47 | H186: 7.12 | I186: 3790 | J186: 1 | N186: 8.4740774 | O186: 125157.75 | P186: 695 | Z186: =IF(AA186=0,"N.A.",((K186*L186)+(W186*X186))/AA186) -> N.A. | AA186: =+L186+X186 -> 0 | AB186: =+M186+Y186 -> 0 | AC186: =IF(AD186=0,"N.A.",((E186*F186)+(Q186*R186))/AD186) -> N.A. | AD186: =+F186+R186 -> 0 | AE186: =+G186+S186 -> 0 | AF186: =IF(AG186=0,"N.A.",((H186*I186)+(T186*U186))/AG186) -> 7.12 | AG186: =+I186+U186 -> 3790 | AH186: =+J186+V186 -> 1 | AI186: =IF(AJ186=0,"N.A.",((B186*C186)+(N186*O186))/AJ186) -> 8.6250423 | AJ186: =+C186+O186 -> 152924.53 | AK186: =+D186+P186 -> 742 | AL186: =+AA186+AG186 -> 3790 | AM186: =+AB186+AH186 -> 1 | AN186: =+AD186+AJ186 -> 152924.53 | AO186: =+AE186+AK186 -> 742
A187: MARZO DE 2021 | B187: 7.7212336 | C187: 51415.479 | D187: 45 | H187: 6.7316884 | I187: 13203.68 | J187: 6 | N187: 8.3947847 | O187: 119937.32 | P187: 663 | Z187: =IF(AA187=0,"N.A.",((K187*L187)+(W187*X187))/AA187) -> N.A. | AA187: =+L187+X187 -> 0 | AB187: =+M187+Y187 -> 0 | AC187: =IF(AD187=0,"N.A.",((E187*F187)+(Q187*R187))/AD187) -> N.A. | AD187: =+F187+R187 -> 0 | AE187: =+G187+S187 -> 0 | AF187: =IF(AG187=0,"N.A.",((H187*I187)+(T187*U187))/AG187) -> 6.7316884 | AG187: =+I187+U187 -> 13203.68 | AH187: =+J187+V187 -> 6 | AI187: =IF(AJ187=0,"N.A.",((B187*C187)+(N187*O187))/AJ187) -> 8.1926815 | AJ187: =+C187+O187 -> 171352.8 | AK187: =+D187+P187 -> 708 | AL187: =+AA187+AG187 -> 13203.68 | AM187: =+AB187+AH187 -> 6 | AN187: =+AD187+AJ187 -> 171352.8 | AO187: =+AE187+AK187 -> 708
A188: ABRIL DE 2021 | B188: 9.1854286 | C188: 36555.822 | D188: 44 | H188: 8.84 | I188: 443.52 | J188: 1 | N188: 8.6609227 | O188: 95531.172 | P188: 500 | Z188: =IF(AA188=0,"N.A.",((K188*L188)+(W188*X188))/AA188) -> N.A. | AA188: =+L188+X188 -> 0 | AB188: =+M188+Y188 -> 0 | AC188: =IF(AD188=0,"N.A.",((E188*F188)+(Q188*R188))/AD188) -> N.A. | AD188: =+F188+R188 -> 0 | AE188: =+G188+S188 -> 0 | AF188: =IF(AG188=0,"N.A.",((H188*I188)+(T188*U188))/AG188) -> 8.84 | AG188: =+I188+U188 -> 443.52 | AH188: =+J188+V188 -> 1 | AI188: =IF(AJ188=0,"N.A.",((B188*C188)+(N188*O188))/AJ188) -> 8.8060827 | AJ188: =+C188+O188 -> 132086.99 | AK188: =+D188+P188 -> 544 | AL188: =+AA188+AG188 -> 443.52 | AM188: =+AB188+AH188 -> 1 | AN188: =+AD188+AJ188 -> 132086.99 | AO188: =+AE188+AK188 -> 544
A189: MAYO DE 2021 | B189: 9.0662722 | C189: 29138.386 | D189: 40 | H189: 8.84 | I189: 492.48 | J189: 1 | N189: 8.6729105 | O189: 79353.118 | P189: 387 | Z189: =IF(AA189=0,"N.A.",((K189*L189)+(W189*X189))/AA189) -> N.A. | AA189: =+L189+X189 -> 0 | AB189: =+M189+Y189 -> 0 | AC189: =IF(AD189=0,"N.A.",((E189*F189)+(Q189*R189))/AD189) -> N.A. | AD189: =+F189+R189 -> 0 | AE189: =+G189+S189 -> 0 | AF189: =IF(AG189=0,"N.A.",((H189*I189)+(T189*U189))/AG189) -> 8.84 | AG189: =+I189+U189 -> 492.48 | AH189: =+J189+V189 -> 1 | AI189: =IF(AJ189=0,"N.A.",((B189*C189)+(N189*O189))/AJ189) -> 8.7785586 | AJ189: =+C189+O189 -> 108491.5 | AK189: =+D189+P189 -> 427 | AL189: =+AA189+AG189 -> 492.48 | AM189: =+AB189+AH189 -> 1 | AN189: =+AD189+AJ189 -> 108491.5 | AO189: =+AE189+AK189 -> 427
A190: JUNIO DE 2021 | B190: 8.7119938 | C190: 43141.321 | D190: 56 | H190: 9.2276328 | I190: 2590.08 | J190: 4 | N190: 8.8631071 | O190: 91946.519 | P190: 408 | Z190: =IF(AA190=0,"N.A.",((K190*L190)+(W190*X190))/AA190) -> N.A. | AA190: =+L190+X190 -> 0 | AB190: =+M190+Y190 -> 0 | AC190: =IF(AD190=0,"N.A.",((E190*F190)+(Q190*R190))/AD190) -> N.A. | AD190: =+F190+R190 -> 0 | AE190: =+G190+S190 -> 0 | AF190: =IF(AG190=0,"N.A.",((H190*I190)+(T190*U190))/AG190) -> 9.2276328 | AG190: =+I190+U190 -> 2590.08 | AH190: =+J190+V190 -> 4 | AI190: =IF(AJ190=0,"N.A.",((B190*C190)+(N190*O190))/AJ190) -> 8.8148479 | AJ190: =+C190+O190 -> 135087.84 | AK190: =+D190+P190 -> 464 | AL190: =+AA190+AG190 -> 2590.08 | AM190: =+AB190+AH190 -> 4 | AN190: =+AD190+AJ190 -> 135087.84 | AO190: =+AE190+AK190 -> 464
A191: JULIO DE 2021 | B191: 8.695403 | C191: 38649.73 | D191: 45 | N191: 8.9104838 | O191: 88741.197 | P191: 388 | Z191: =IF(AA191=0,"N.A.",((K191*L191)+(W191*X191))/AA191) -> N.A. | AA191: =+L191+X191 -> 0 | AB191: =+M191+Y191 -> 0 | AC191: =IF(AD191=0,"N.A.",((E191*F191)+(Q191*R191))/AD191) -> N.A. | AD191: =+F191+R191 -> 0 | AE191: =+G191+S191 -> 0 | AF191: =IF(AG191=0,"N.A.",((H191*I191)+(T191*U191))/AG191) -> N.A. | AG191: =+I191+U191 -> 0 | AH191: =+J191+V191 -> 0 | AI191: =IF(AJ191=0,"N.A.",((B191*C191)+(N191*O191))/AJ191) -> 8.8452295 | AJ191: =+C191+O191 -> 127390.93 | AK191: =+D191+P191 -> 433 | AL191: =+AA191+AG191 -> 0 | AM191: =+AB191+AH191 -> 0 | AN191: =+AD191+AJ191 -> 127390.93 | AO191: =+AE191+AK191 -> 433
A192: AGOSTO DE 2021 | B192: 9.2300809 | C192: 35641.725 | D192: 45 | N192: 9.0049548 | O192: 60330.156 | P192: 284 | Z192: =IF(AA192=0,"N.A.",((K192*L192)+(W192*X192))/AA192) -> N.A. | AA192: =+L192+X192 -> 0 | AB192: =+M192+Y192 -> 0 | AC192: =IF(AD192=0,"N.A.",((E192*F192)+(Q192*R192))/AD192) -> N.A. | AD192: =+F192+R192 -> 0 | AE192: =+G192+S192 -> 0 | AF192: =IF(AG192=0,"N.A.",((H192*I192)+(T192*U192))/AG192) -> N.A. | AG192: =+I192+U192 -> 0 | AH192: =+J192+V192 -> 0 | AI192: =IF(AJ192=0,"N.A.",((B192*C192)+(N192*O192))/AJ192) -> 9.0885614 | AJ192: =+C192+O192 -> 95971.881 | AK192: =+D192+P192 -> 329 | AL192: =+AA192+AG192 -> 0 | AM192: =+AB192+AH192 -> 0 | AN192: =+AD192+AJ192 -> 95971.881 | AO192: =+AE192+AK192 -> 329
A193: SEPTIEMBRE DE 2021 | B193: 8.8815258 | C193: 39049.753 | D193: 49 | H193: 7.0425263 | I193: 9500 | J193: 5 | N193: 9.0721564 | O193: 107944.46 | P193: 488 | Z193: =IF(AA193=0,"N.A.",((K193*L193)+(W193*X193))/AA193) -> N.A. | AA193: =+L193+X193 -> 0 | AB193: =+M193+Y193 -> 0 | AC193: =IF(AD193=0,"N.A.",((E193*F193)+(Q193*R193))/AD193) -> N.A. | AD193: =+F193+R193 -> 0 | AE193: =+G193+S193 -> 0 | AF193: =IF(AG193=0,"N.A.",((H193*I193)+(T193*U193))/AG193) -> 7.0425263 | AG193: =+I193+U193 -> 9500 | AH193: =+J193+V193 -> 5 | AI193: =IF(AJ193=0,"N.A.",((B193*C193)+(N193*O193))/AJ193) -> 9.0215144 | AJ193: =+C193+O193 -> 146994.21 | AK193: =+D193+P193 -> 537 | AL193: =+AA193+AG193 -> 9500 | AM193: =+AB193+AH193 -> 5 | AN193: =+AD193+AJ193 -> 146994.21 | AO193: =+AE193+AK193 -> 537
A194: OCTUBRE DE 2021 | B194: 8.7607008 | C194: 27737.907 | D194: 34 | H194: 7.0278747 | I194: 5491 | J194: 3 | N194: 8.9861036 | O194: 83421.684 | P194: 360 | Z194: =IF(AA194=0,"N.A.",((K194*L194)+(W194*X194))/AA194) -> N.A. | AA194: =+L194+X194 -> 0 | AB194: =+M194+Y194 -> 0 | AC194: =IF(AD194=0,"N.A.",((E194*F194)+(Q194*R194))/AD194) -> N.A. | AD194: =+F194+R194 -> 0 | AE194: =+G194+S194 -> 0 | AF194: =IF(AG194=0,"N.A.",((H194*I194)+(T194*U194))/AG194) -> 7.0278747 | AG194: =+I194+U194 -> 5491 | AH194: =+J194+V194 -> 3 | AI194: =IF(AJ194=0,"N.A.",((B194*C194)+(N194*O194))/AJ194) -> 8.9298583 | AJ194: =+C194+O194 -> 111159.59 | AK194: =+D194+P194 -> 394 | AL194: =+AA194+AG194 -> 5491 | AM194: =+AB194+AH194 -> 3 | AN194: =+AD194+AJ194 -> 111159.59 | AO194: =+AE194+AK194 -> 394
A195: NOVIEMBRE DE 2021 | B195: 9.1579577 | C195: 58728.098 | D195: 52 | H195: 6.8482151 | I195: 8331 | J195: 4 | N195: 9.2211554 | O195: 53189.561 | P195: 258 | Z195: =IF(AA195=0,"N.A.",((K195*L195)+(W195*X195))/AA195) -> N.A. | AA195: =+L195+X195 -> 0 | AB195: =+M195+Y195 -> 0 | AC195: =IF(AD195=0,"N.A.",((E195*F195)+(Q195*R195))/AD195) -> N.A. | AD195: =+F195+R195 -> 0 | AE195: =+G195+S195 -> 0 | AF195: =IF(AG195=0,"N.A.",((H195*I195)+(T195*U195))/AG195) -> 6.8482151 | AG195: =+I195+U195 -> 8331 | AH195: =+J195+V195 -> 4 | AI195: =IF(AJ195=0,"N.A.",((B195*C195)+(N195*O195))/AJ195) -> 9.1879928 | AJ195: =+C195+O195 -> 111917.66 | AK195: =+D195+P195 -> 310 | AL195: =+AA195+AG195 -> 8331 | AM195: =+AB195+AH195 -> 4 | AN195: =+AD195+AJ195 -> 111917.66 | AO195: =+AE195+AK195 -> 310
A196: DICIEMBRE DE 2021 | B196: 9.1413051 | C196: 69309.643 | D196: 62 | H196: 6.866573 | I196: 7584 | J196: 5 | N196: 9.2633974 | O196: 113361.78 | P196: 561 | Z196: =IF(AA196=0,"N.A.",((K196*L196)+(W196*X196))/AA196) -> N.A. | AA196: =+L196+X196 -> 0 | AB196: =+M196+Y196 -> 0 | AC196: =IF(AD196=0,"N.A.",((E196*F196)+(Q196*R196))/AD196) -> N.A. | AD196: =+F196+R196 -> 0 | AE196: =+G196+S196 -> 0 | AF196: =IF(AG196=0,"N.A.",((H196*I196)+(T196*U196))/AG196) -> 6.866573 | AG196: =+I196+U196 -> 7584 | AH196: =+J196+V196 -> 5 | AI196: =IF(AJ196=0,"N.A.",((B196*C196)+(N196*O196))/AJ196) -> 9.2170729 | AJ196: =+C196+O196 -> 182671.42 | AK196: =+D196+P196 -> 623 | AL196: =+AA196+AG196 -> 7584 | AM196: =+AB196+AH196 -> 5 | AN196: =+AD196+AJ196 -> 182671.42 | AO196: =+AE196+AK196 -> 623
A197: ENERO DE 2022 | B197: 9.3608753 | C197: 25929.234 | D197: 35 | H197: 8.84 | I197: 363.12 | J197: 1 | N197: 9.232575 | O197: 48758.646 | P197: 237 | Z197: =IF(AA197=0,"N.A.",((K197*L197)+(W197*X197))/AA197) -> N.A. | AA197: =+L197+X197 -> 0 | AB197: =+M197+Y197 -> 0 | AC197: =IF(AD197=0,"N.A.",((E197*F197)+(Q197*R197))/AD197) -> N.A. | AD197: =+F197+R197 -> 0 | AE197: =+G197+S197 -> 0 | AF197: =IF(AG197=0,"N.A.",((H197*I197)+(T197*U197))/AG197) -> 8.84 | AG197: =+I197+U197 -> 363.12 | AH197: =+J197+V197 -> 1 | AI197: =IF(AJ197=0,"N.A.",((B197*C197)+(N197*O197))/AJ197) -> 9.2771168 | AJ197: =+C197+O197 -> 74687.881 | AK197: =+D197+P197 -> 272 | AL197: =+AA197+AG197 -> 363.12 | AM197: =+AB197+AH197 -> 1 | AN197: =+AD197+AJ197 -> 74687.881 | AO197: =+AE197+AK197 -> 272
A198: FEBRERO DE 2022 | B198: 9.4686948 | C198: 45688.808 | D198: 51 | H198: 8.5776141 | I198: 13041.8 | J198: 11 | N198: 9.9202681 | O198: 74136.163 | P198: 345 | Z198: =IF(AA198=0,"N.A.",((K198*L198)+(W198*X198))/AA198) -> N.A. | AA198: =+L198+X198 -> 0 | AB198: =+M198+Y198 -> 0 | AC198: =IF(AD198=0,"N.A.",((E198*F198)+(Q198*R198))/AD198) -> N.A. | AD198: =+F198+R198 -> 0 | AE198: =+G198+S198 -> 0 | AF198: =IF(AG198=0,"N.A.",((H198*I198)+(T198*U198))/AG198) -> 8.5776141 | AG198: =+I198+U198 -> 13041.8 | AH198: =+J198+V198 -> 11 | AI198: =IF(AJ198=0,"N.A.",((B198*C198)+(N198*O198))/AJ198) -> 9.7480849 | AJ198: =+C198+O198 -> 119824.97 | AK198: =+D198+P198 -> 396 | AL198: =+AA198+AG198 -> 13041.8 | AM198: =+AB198+AH198 -> 11 | AN198: =+AD198+AJ198 -> 119824.97 | AO198: =+AE198+AK198 -> 396
A199: MARZO DE 2022 | B199: 11.10422 | C199: 141283.01 | D199: 81 | H199: 8.9054131 | I199: 5426.8 | J199: 5 | N199: 10.379203 | O199: 92496.699 | P199: 424 | Z199: =IF(AA199=0,"N.A.",((K199*L199)+(W199*X199))/AA199) -> N.A. | AA199: =+L199+X199 -> 0 | AB199: =+M199+Y199 -> 0 | AC199: =IF(AD199=0,"N.A.",((E199*F199)+(Q199*R199))/AD199) -> N.A. | AD199: =+F199+R199 -> 0 | AE199: =+G199+S199 -> 0 | AF199: =IF(AG199=0,"N.A.",((H199*I199)+(T199*U199))/AG199) -> 8.9054131 | AG199: =+I199+U199 -> 5426.8 | AH199: =+J199+V199 -> 5 | AI199: =IF(AJ199=0,"N.A.",((B199*C199)+(N199*O199))/AJ199) -> 10.817362 | AJ199: =+C199+O199 -> 233779.71 | AK199: =+D199+P199 -> 505 | AL199: =+AA199+AG199 -> 5426.8 | AM199: =+AB199+AH199 -> 5 | AN199: =+AD199+AJ199 -> 233779.71 | AO199: =+AE199+AK199 -> 505
A200: ABRIL DE 2022 | B200: 9.9652337 | C200: 47231.688 | D200: 59 | H200: 9.4329956 | I200: 9521.95 | J200: 7 | N200: 11.51955 | O200: 56973.444 | P200: 255 | Z200: =IF(AA200=0,"N.A.",((K200*L200)+(W200*X200))/AA200) -> N.A. | AA200: =+L200+X200 -> 0 | AB200: =+M200+Y200 -> 0 | AC200: =IF(AD200=0,"N.A.",((E200*F200)+(Q200*R200))/AD200) -> N.A. | AD200: =+F200+R200 -> 0 | AE200: =+G200+S200 -> 0 | AF200: =IF(AG200=0,"N.A.",((H200*I200)+(T200*U200))/AG200) -> 9.4329956 | AG200: =+I200+U200 -> 9521.95 | AH200: =+J200+V200 -> 7 | AI200: =IF(AJ200=0,"N.A.",((B200*C200)+(N200*O200))/AJ200) -> 10.815046 | AJ200: =+C200+O200 -> 104205.13 | AK200: =+D200+P200 -> 314 | AL200: =+AA200+AG200 -> 9521.95 | AM200: =+AB200+AH200 -> 7 | AN200: =+AD200+AJ200 -> 104205.13 | AO200: =+AE200+AK200 -> 314
A201: MAYO DE 2022 | B201: 10.71456 | C201: 73905.049 | D201: 69 | H201: 10.704598 | I201: 5784.5 | J201: 8 | N201: 12.05936 | O201: 77274.8 | P201: 347 | Z201: =IF(AA201=0,"N.A.",((K201*L201)+(W201*X201))/AA201) -> N.A. | AA201: =+L201+X201 -> 0 | AB201: =+M201+Y201 -> 0 | AC201: =IF(AD201=0,"N.A.",((E201*F201)+(Q201*R201))/AD201) -> N.A. | AD201: =+F201+R201 -> 0 | AE201: =+G201+S201 -> 0 | AF201: =IF(AG201=0,"N.A.",((H201*I201)+(T201*U201))/AG201) -> 10.704598 | AG201: =+I201+U201 -> 5784.5 | AH201: =+J201+V201 -> 8 | AI201: =IF(AJ201=0,"N.A.",((B201*C201)+(N201*O201))/AJ201) -> 11.401948 | AJ201: =+C201+O201 -> 151179.85 | AK201: =+D201+P201 -> 416 | AL201: =+AA201+AG201 -> 5784.5 | AM201: =+AB201+AH201 -> 8 | AN201: =+AD201+AJ201 -> 151179.85 | AO201: =+AE201+AK201 -> 416

Sheet 7- bancolombia
A1: TASAS Y DESEMBOLSOS MENSUALES DE CARTERA DE VIVIENDA
A2: BANCOLOMBIA
AI3: Cifras en millones de pesos y tasas efectivas anuales promedio ponderadas
A4: MES | B4: Construcción de Vivienda diferente de VIS en pesos | E4: Construcción de Vivienda diferente de VIS en UVR | H4: Construcción de Vivienda VIS en pesos | K4: Construcción de Vivienda VIS en UVR | N4: Adquisición de Vivienda diferente de VIS en Pesos | Q4: Adquisición de Vivienda diferente de VIS en UVR | T4: Adquisición de Vivienda VIS en Pesos | W4: Adquisición de Vivienda VIS en UVR | Z4: CREDITOS DE VIVIENDA en U.V.R. (Puntos) | AF4: CREDITOS DE VIVIENDA en Pesos (T.E.A.) | AL4: CONSOLIDADO
Z5: VIS | AC5: NO VIS | AF5: VIS | AI5: NO VIS | AL5: VIS | AN5: NO VIS
B6: TASA | C6: MONTO | D6: NÚMERO DE CRÉDITOS DESEMBOLSADOS | E6: TASA | F6: MONTO | G6: NÚMERO DE CRÉDITOS DESEMBOLSADOS | H6: TASA | I6: MONTO | J6: NÚMERO DE CRÉDITOS DESEMBOLSADOS | K6: TASA | L6: MONTO | M6: NÚMERO DE CRÉDITOS DESEMBOLSADOS | N6: TASA | O6: MONTO | P6: NÚMERO DE CRÉDITOS DESEMBOLSADOS | Q6: TASA | R6: MONTO | S6: NÚMERO DE CRÉDITOS DESEMBOLSADOS | T6: TASA | U6: MONTO | V6: NÚMERO DE CRÉDITOS DESEMBOLSADOS | W6: TASA | X6: MONTO | Y6: NÚMERO DE CRÉDITOS DESEMBOLSADOS | Z6: TASA | AA6: MONTO | AB6: NÚMERO DE CRÉDITOS DESEMBOLSADOS | AC6: TASA | AD6: MONTO | AE6: NÚMERO DE CRÉDITOS DESEMBOLSADOS | AF6: TASA | AG6: MONTO | AH6: NÚMERO DE CRÉDITOS DESEMBOLSADOS | AI6: TASA | AJ6: MONTO | AK6: NÚMERO DE CRÉDITOS DESEMBOLSADOS | AL6: MONTO | AM6: NÚMERO DE CRÉDITOS DESEMBOLSADOS | AN6: MONTO | AO6: NÚMERO DE CRÉDITOS DESEMBOLSADOS
A7: AGOSTO DE 2005 | E7: 11.86 | F7: 1418.951 | K7: 11 | L7: 11 | Q7: 12.24 | R7: 21200.315 | W7: 11 | X7: 10708.306 | Z7: =IF(AA7=0,"N.A.",((K7*L7)+(W7*X7))/AA7) -> 11 | AA7: =+L7+X7 -> 10719.306 | AC7: =IF(AD7=0,"N.A.",((E7*F7)+(Q7*R7))/AD7) -> 12.216162 | AD7: =+F7+R7 -> 22619.266 | AF7: =IF(AG7=0,"N.A.",((H7*I7)+(T7*U7))/AG7) -> N.A. | AG7: =+I7+U7 -> 0 | AI7: =IF(AJ7=0,"N.A.",((B7*C7)+(N7*O7))/AJ7) -> N.A. | AJ7: =+C7+O7 -> 0 | AL7: =+AA7+AG7 -> 10719.306 | AM7: =+AB7+AH7 -> 0 | AN7: =+AD7+AJ7 -> 22619.266 | AO7: =+AE7+AK7 -> 0
A8: SEPTIEMBRE DE 2005 | E8: 12.52 | F8: 2007.787 | K8: 11 | L8: 58.896 | Q8: 12.25 | R8: 12578.777 | W8: 11 | X8: 6788.63 | Z8: =IF(AA8=0,"N.A.",((K8*L8)+(W8*X8))/AA8) -> 11 | AA8: =+L8+X8 -> 6847.526 | AC8: =IF(AD8=0,"N.A.",((E8*F8)+(Q8*R8))/AD8) -> 12.287165 | AD8: =+F8+R8 -> 14586.564 | AF8: =IF(AG8=0,"N.A.",((H8*I8)+(T8*U8))/AG8) -> N.A. | AG8: =+I8+U8 -> 0 | AI8: =IF(AJ8=0,"N.A.",((B8*C8)+(N8*O8))/AJ8) -> N.A. | AJ8: =+C8+O8 -> 0 | AL8: =+AA8+AG8 -> 6847.526 | AM8: =+AB8+AH8 -> 0 | AN8: =+AD8+AJ8 -> 14586.564 | AO8: =+AE8+AK8 -> 0
A9: OCTUBRE DE 2005 | E9: 11.99 | F9: 1545.288 | K9: 11 | L9: 27 | Q9: 12.64 | R9: 9818.248 | W9: 11 | X9: 6822.939 | Z9: =IF(AA9=0,"N.A.",((K9*L9)+(W9*X9))/AA9) -> 11 | AA9: =+L9+X9 -> 6849.939 | AC9: =IF(AD9=0,"N.A.",((E9*F9)+(Q9*R9))/AD9) -> 12.551609 | AD9: =+F9+R9 -> 11363.536 | AF9: =IF(AG9=0,"N.A.",((H9*I9)+(T9*U9))/AG9) -> N.A. | AG9: =+I9+U9 -> 0 | AI9: =IF(AJ9=0,"N.A.",((B9*C9)+(N9*O9))/AJ9) -> N.A. | AJ9: =+C9+O9 -> 0 | AL9: =+AA9+AG9 -> 6849.939 | AM9: =+AB9+AH9 -> 0 | AN9: =+AD9+AJ9 -> 11363.536 | AO9: =+AE9+AK9 -> 0
A10: NOVIEMBRE DE 2005 | E10: 11.42 | F10: 2424.802 | K10: 11 | L10: 20.019 | Q10: 12.57 | R10: 14368.716 | W10: 11 | X10: 6640.336 | Z10: =IF(AA10=0,"N.A.",((K10*L10)+(W10*X10))/AA10) -> 11 | AA10: =+L10+X10 -> 6660.355 | AC10: =IF(AD10=0,"N.A.",((E10*F10)+(Q10*R10))/AD10) -> 12.403952 | AD10: =+F10+R10 -> 16793.518 | AF10: =IF(AG10=0,"N.A.",((H10*I10)+(T10*U10))/AG10) -> N.A. | AG10: =+I10+U10 -> 0 | AI10: =IF(AJ10=0,"N.A.",((B10*C10)+(N10*O10))/AJ10) -> N.A. | AJ10: =+C10+O10 -> 0 | AL10: =+AA10+AG10 -> 6660.355 | AM10: =+AB10+AH10 -> 0 | AN10: =+AD10+AJ10 -> 16793.518 | AO10: =+AE10+AK10 -> 0
A11: DICIEMBRE DE 2005 | E11: 11.38 | F11: 1621.004 | K11: 11 | L11: 19.35 | Q11: 13.23 | R11: 20297.705 | W11: 11 | X11: 8649.276 | Z11: =IF(AA11=0,"N.A.",((K11*L11)+(W11*X11))/AA11) -> 11 | AA11: =+L11+X11 -> 8668.626 | AC11: =IF(AD11=0,"N.A.",((E11*F11)+(Q11*R11))/AD11) -> 13.093183 | AD11: =+F11+R11 -> 21918.709 | AF11: =IF(AG11=0,"N.A.",((H11*I11)+(T11*U11))/AG11) -> N.A. | AG11: =+I11+U11 -> 0 | AI11: =IF(AJ11=0,"N.A.",((B11*C11)+(N11*O11))/AJ11) -> N.A. | AJ11: =+C11+O11 -> 0 | AL11: =+AA11+AG11 -> 8668.626 | AM11: =+AB11+AH11 -> 0 | AN11: =+AD11+AJ11 -> 21918.709 | AO11: =+AE11+AK11 -> 0
A12: ENERO DE 2006 | E12: 11.6 | F12: 2218.677 | K12: 11 | L12: 16.768 | Q12: 11.94 | R12: 9555.567 | W12: 11 | X12: 5997.475 | Z12: =IF(AA12=0,"N.A.",((K12*L12)+(W12*X12))/AA12) -> 11 | AA12: =+L12+X12 -> 6014.243 | AC12: =IF(AD12=0,"N.A.",((E12*F12)+(Q12*R12))/AD12) -> 11.875932 | AD12: =+F12+R12 -> 11774.244 | AF12: =IF(AG12=0,"N.A.",((H12*I12)+(T12*U12))/AG12) -> N.A. | AG12: =+I12+U12 -> 0 | AI12: =IF(AJ12=0,"N.A.",((B12*C12)+(N12*O12))/AJ12) -> N.A. | AJ12: =+C12+O12 -> 0 | AL12: =+AA12+AG12 -> 6014.243 | AM12: =+AB12+AH12 -> 0 | AN12: =+AD12+AJ12 -> 11774.244 | AO12: =+AE12+AK12 -> 0
A13: FEBRERO DE 2006 | E13: 11.45 | F13: 2515.835 | K13: 11 | L13: 50.395 | Q13: 12.41 | R13: 10011.492 | W13: 11 | X13: 6464.199 | Z13: =IF(AA13=0,"N.A.",((K13*L13)+(W13*X13))/AA13) -> 11 | AA13: =+L13+X13 -> 6514.594 | AC13: =IF(AD13=0,"N.A.",((E13*F13)+(Q13*R13))/AD13) -> 12.217205 | AD13: =+F13+R13 -> 12527.327 | AF13: =IF(AG13=0,"N.A.",((H13*I13)+(T13*U13))/AG13) -> N.A. | AG13: =+I13+U13 -> 0 | AI13: =IF(AJ13=0,"N.A.",((B13*C13)+(N13*O13))/AJ13) -> N.A. | AJ13: =+C13+O13 -> 0 | AL13: =+AA13+AG13 -> 6514.594 | AM13: =+AB13+AH13 -> 0 | AN13: =+AD13+AJ13 -> 12527.327 | AO13: =+AE13+AK13 -> 0
A14: MARZO DE 2006 | E14: 10.116591 | F14: 3160.858 | K14: 11 | L14: 43.7 | Q14: 11.802118 | R14: 11998.082 | W14: 11 | X14: 7420.569 | Z14: =IF(AA14=0,"N.A.",((K14*L14)+(W14*X14))/AA14) -> 11 | AA14: =+L14+X14 -> 7464.269 | AC14: =IF(AD14=0,"N.A.",((E14*F14)+(Q14*R14))/AD14) -> 11.450662 | AD14: =+F14+R14 -> 15158.94 | AF14: =IF(AG14=0,"N.A.",((H14*I14)+(T14*U14))/AG14) -> N.A. | AG14: =+I14+U14 -> 0 | AI14: =IF(AJ14=0,"N.A.",((B14*C14)+(N14*O14))/AJ14) -> N.A. | AJ14: =+C14+O14 -> 0 | AL14: =+AA14+AG14 -> 7464.269 | AM14: =+AB14+AH14 -> 0 | AN14: =+AD14+AJ14 -> 15158.94 | AO14: =+AE14+AK14 -> 0
A15: ABRIL DE 2006 | E15: 8.6651019 | F15: 2020.885 | Q15: 8.9562847 | R15: 9651.402 | W15: 11 | X15: 5642.746 | Z15: =IF(AA15=0,"N.A.",((K15*L15)+(W15*X15))/AA15) -> 11 | AA15: =+L15+X15 -> 5642.746 | AC15: =IF(AD15=0,"N.A.",((E15*F15)+(Q15*R15))/AD15) -> 8.9058707 | AD15: =+F15+R15 -> 11672.287 | AF15: =IF(AG15=0,"N.A.",((H15*I15)+(T15*U15))/AG15) -> N.A. | AG15: =+I15+U15 -> 0 | AI15: =IF(AJ15=0,"N.A.",((B15*C15)+(N15*O15))/AJ15) -> N.A. | AJ15: =+C15+O15 -> 0 | AL15: =+AA15+AG15 -> 5642.746 | AM15: =+AB15+AH15 -> 0 | AN15: =+AD15+AJ15 -> 11672.287 | AO15: =+AE15+AK15 -> 0
A16: MAYO DE 2006 | E16: 7.8 | F16: 2485.626 | Q16: 7.82 | R16: 13350.636 | W16: 7.8 | X16: 7137.243 | Z16: =IF(AA16=0,"N.A.",((K16*L16)+(W16*X16))/AA16) -> 7.8 | AA16: =+L16+X16 -> 7137.243 | AC16: =IF(AD16=0,"N.A.",((E16*F16)+(Q16*R16))/AD16) -> 7.8168608 | AD16: =+F16+R16 -> 15836.262 | AF16: =IF(AG16=0,"N.A.",((H16*I16)+(T16*U16))/AG16) -> N.A. | AG16: =+I16+U16 -> 0 | AI16: =IF(AJ16=0,"N.A.",((B16*C16)+(N16*O16))/AJ16) -> N.A. | AJ16: =+C16+O16 -> 0 | AL16: =+AA16+AG16 -> 7137.243 | AM16: =+AB16+AH16 -> 0 | AN16: =+AD16+AJ16 -> 15836.262 | AO16: =+AE16+AK16 -> 0
A17: JUNIO DE 2006 | E17: 7.88 | F17: 3939.576 | N17: 12.67 | O17: 25563.414 | Q17: 7.82 | R17: 10905.174 | T17: 12.68 | U17: 9244.058 | W17: 7.81 | X17: 6597.069 | Z17: =IF(AA17=0,"N.A.",((K17*L17)+(W17*X17))/AA17) -> 7.81 | AA17: =+L17+X17 -> 6597.069 | AC17: =IF(AD17=0,"N.A.",((E17*F17)+(Q17*R17))/AD17) -> 7.8359231 | AD17: =+F17+R17 -> 14844.75 | AF17: =IF(AG17=0,"N.A.",((H17*I17)+(T17*U17))/AG17) -> 12.68 | AG17: =+I17+U17 -> 9244.058 | AI17: =IF(AJ17=0,"N.A.",((B17*C17)+(N17*O17))/AJ17) -> 12.67 | AJ17: =+C17+O17 -> 25563.414 | AL17: =+AA17+AG17 -> 15841.127 | AM17: =+AB17+AH17 -> 0 | AN17: =+AD17+AJ17 -> 40408.164 | AO17: =+AE17+AK17 -> 0
A18: JULIO DE 2006 | E18: 7.8 | F18: 4028.993 | K18: 7.8 | L18: 35 | N18: 12.68 | O18: 40888.994 | Q18: 7.82 | R18: 9974.784 | T18: 12.68 | U18: 15258.095 | W18: 7.8 | X18: 6415.825 | Z18: =IF(AA18=0,"N.A.",((K18*L18)+(W18*X18))/AA18) -> 7.8 | AA18: =+L18+X18 -> 6450.825 | AC18: =IF(AD18=0,"N.A.",((E18*F18)+(Q18*R18))/AD18) -> 7.8142458 | AD18: =+F18+R18 -> 14003.777 | AF18: =IF(AG18=0,"N.A.",((H18*I18)+(T18*U18))/AG18) -> 12.68 | AG18: =+I18+U18 -> 15258.095 | AI18: =IF(AJ18=0,"N.A.",((B18*C18)+(N18*O18))/AJ18) -> 12.68 | AJ18: =+C18+O18 -> 40888.994 | AL18: =+AA18+AG18 -> 21708.92 | AM18: =+AB18+AH18 -> 0 | AN18: =+AD18+AJ18 -> 54892.771 | AO18: =+AE18+AK18 -> 0
A19: AGOSTO DE 2006 | E19: 7.8 | F19: 5634.35 | K19: 7.8 | L19: 60.662 | N19: 12.68 | O19: 63763.698 | Q19: 7.8 | R19: 13335.12 | T19: 12.68 | U19: 20076.272 | W19: 7.81 | X19: 5867.643 | Z19: =IF(AA19=0,"N.A.",((K19*L19)+(W19*X19))/AA19) -> 7.8098977 | AA19: =+L19+X19 -> 5928.305 | AC19: =IF(AD19=0,"N.A.",((E19*F19)+(Q19*R19))/AD19) -> 7.8 | AD19: =+F19+R19 -> 18969.47 | AF19: =IF(AG19=0,"N.A.",((H19*I19)+(T19*U19))/AG19) -> 12.68 | AG19: =+I19+U19 -> 20076.272 | AI19: =IF(AJ19=0,"N.A.",((B19*C19)+(N19*O19))/AJ19) -> 12.68 | AJ19: =+C19+O19 -> 63763.698 | AL19: =+AA19+AG19 -> 26004.577 | AM19: =+AB19+AH19 -> 0 | AN19: =+AD19+AJ19 -> 82733.168 | AO19: =+AE19+AK19 -> 0
A20: SEPTIEMBRE DE 2006 | E20: 7.8 | F20: 4934.341 | K20: 7.8 | L20: 94.294 | N20: 12.68 | O20: 67687.081 | Q20: 7.83 | R20: 14991.198 | T20: 12.67 | U20: 21501.487 | W20: 7.8 | X20: 5925.772 | Z20: =IF(AA20=0,"N.A.",((K20*L20)+(W20*X20))/AA20) -> 7.8 | AA20: =+L20+X20 -> 6020.066 | AC20: =IF(AD20=0,"N.A.",((E20*F20)+(Q20*R20))/AD20) -> 7.8225708 | AD20: =+F20+R20 -> 19925.539 | AF20: =IF(AG20=0,"N.A.",((H20*I20)+(T20*U20))/AG20) -> 12.67 | AG20: =+I20+U20 -> 21501.487 | AI20: =IF(AJ20=0,"N.A.",((B20*C20)+(N20*O20))/AJ20) -> 12.68 | AJ20: =+C20+O20 -> 67687.081 | AL20: =+AA20+AG20 -> 27521.553 | AM20: =+AB20+AH20 -> 0 | AN20: =+AD20+AJ20 -> 87612.62 | AO20: =+AE20+AK20 -> 0
A21: OCTUBRE DE 2006 | E21: 7.8 | F21: 5435.62 | K21: 7.8 | L21: 97.084 | N21: 12.68 | O21: 64670.217 | Q21: 7.83 | R21: 11858.242 | T21: 12.68 | U21: 19344.891 | W21: 7.84 | X21: 5292.187 | Z21: =IF(AA21=0,"N.A.",((K21*L21)+(W21*X21))/AA21) -> 7.8392794 | AA21: =+L21+X21 -> 5389.271 | AC21: =IF(AD21=0,"N.A.",((E21*F21)+(Q21*R21))/AD21) -> 7.8205707 | AD21: =+F21+R21 -> 17293.862 | AF21: =IF(AG21=0,"N.A.",((H21*I21)+(T21*U21))/AG21) -> 12.68 | AG21: =+I21+U21 -> 19344.891 | AI21: =IF(AJ21=0,"N.A.",((B21*C21)+(N21*O21))/AJ21) -> 12.68 | AJ21: =+C21+O21 -> 64670.217 | AL21: =+AA21+AG21 -> 24734.162 | AM21: =+AB21+AH21 -> 0 | AN21: =+AD21+AJ21 -> 81964.079 | AO21: =+AE21+AK21 -> 0
A22: NOVIEMBRE DE 2006 | E22: 7.28 | F22: 45734.158 | K22: 7.02 | L22: 7626.737 | N22: 12.68 | O22: 70335.771 | Q22: 7.44 | R22: 16371.517 | T22: 12.68 | U22: 23314.038 | W22: 7.54 | X22: 10067.307 | Z22: =IF(AA22=0,"N.A.",((K22*L22)+(W22*X22))/AA22) -> 7.3158622 | AA22: =+L22+X22 -> 17694.044 | AC22: =IF(AD22=0,"N.A.",((E22*F22)+(Q22*R22))/AD22) -> 7.3221772 | AD22: =+F22+R22 -> 62105.675 | AF22: =IF(AG22=0,"N.A.",((H22*I22)+(T22*U22))/AG22) -> 12.68 | AG22: =+I22+U22 -> 23314.038 | AI22: =IF(AJ22=0,"N.A.",((B22*C22)+(N22*O22))/AJ22) -> 12.68 | AJ22: =+C22+O22 -> 70335.771 | AL22: =+AA22+AG22 -> 41008.082 | AM22: =+AB22+AH22 -> 0 | AN22: =+AD22+AJ22 -> 132441.45 | AO22: =+AE22+AK22 -> 0
A23: DICIEMBRE DE 2006 | E23: 7.23 | F23: 56762.894 | K23: 7.37 | L23: 6190.632 | N23: 12.68 | O23: 70644.652 | Q23: 7.29 | R23: 15744.202 | T23: 12.69 | U23: 19682.289 | W23: 7.42 | X23: 6547.628 | Z23: =IF(AA23=0,"N.A.",((K23*L23)+(W23*X23))/AA23) -> 7.3957006 | AA23: =+L23+X23 -> 12738.26 | AC23: =IF(AD23=0,"N.A.",((E23*F23)+(Q23*R23))/AD23) -> 7.2430284 | AD23: =+F23+R23 -> 72507.096 | AF23: =IF(AG23=0,"N.A.",((H23*I23)+(T23*U23))/AG23) -> 12.69 | AG23: =+I23+U23 -> 19682.289 | AI23: =IF(AJ23=0,"N.A.",((B23*C23)+(N23*O23))/AJ23) -> 12.68 | AJ23: =+C23+O23 -> 70644.652 | AL23: =+AA23+AG23 -> 32420.549 | AM23: =+AB23+AH23 -> 0 | AN23: =+AD23+AJ23 -> 143151.75 | AO23: =+AE23+AK23 -> 0
A24: ENERO DE 2007 | E24: 7.39 | F24: 50524.41 | K24: 7.82 | L24: 11429.385 | N24: 12.68 | O24: 87484.16 | Q24: 7.48 | R24: 15729.08 | T24: 12.68 | U24: 29778.432 | W24: 7.2 | X24: 9292.487 | Z24: =IF(AA24=0,"N.A.",((K24*L24)+(W24*X24))/AA24) -> 7.5419681 | AA24: =+L24+X24 -> 20721.872 | AC24: =IF(AD24=0,"N.A.",((E24*F24)+(Q24*R24))/AD24) -> 7.4113667 | AD24: =+F24+R24 -> 66253.49 | AF24: =IF(AG24=0,"N.A.",((H24*I24)+(T24*U24))/AG24) -> 12.68 | AG24: =+I24+U24 -> 29778.432 | AI24: =IF(AJ24=0,"N.A.",((B24*C24)+(N24*O24))/AJ24) -> 12.68 | AJ24: =+C24+O24 -> 87484.16 | AL24: =+AA24+AG24 -> 50500.304 | AM24: =+AB24+AH24 -> 0 | AN24: =+AD24+AJ24 -> 153737.65 | AO24: =+AE24+AK24 -> 0
A25: FEBRERO DE 2007 | E25: 7.43 | F25: 11250.005 | K25: 7.62 | L25: 1931.426 | N25: 12.68 | O25: 68671.354 | Q25: 7.7 | R25: 10132.47 | T25: 12.68 | U25: 21255.784 | W25: 7.72 | X25: 5766.403 | Z25: =IF(AA25=0,"N.A.",((K25*L25)+(W25*X25))/AA25) -> 7.6949095 | AA25: =+L25+X25 -> 7697.829 | AC25: =IF(AD25=0,"N.A.",((E25*F25)+(Q25*R25))/AD25) -> 7.5579444 | AD25: =+F25+R25 -> 21382.475 | AF25: =IF(AG25=0,"N.A.",((H25*I25)+(T25*U25))/AG25) -> 12.68 | AG25: =+I25+U25 -> 21255.784 | AI25: =IF(AJ25=0,"N.A.",((B25*C25)+(N25*O25))/AJ25) -> 12.68 | AJ25: =+C25+O25 -> 68671.354 | AL25: =+AA25+AG25 -> 28953.613 | AM25: =+AB25+AH25 -> 0 | AN25: =+AD25+AJ25 -> 90053.829 | AO25: =+AE25+AK25 -> 0
A26: MARZO DE 2007 | E26: 7.88 | F26: 5043.881 | K26: 7.94 | L26: 177.8 | N26: 12.82 | O26: 66073.695 | Q26: 7.86 | R26: 10319.067 | T26: 12.76 | U26: 22892.682 | W26: 7.85 | X26: 6200.536 | Z26: =IF(AA26=0,"N.A.",((K26*L26)+(W26*X26))/AA26) -> 7.8525088 | AA26: =+L26+X26 -> 6378.336 | AC26: =IF(AD26=0,"N.A.",((E26*F26)+(Q26*R26))/AD26) -> 7.8665663 | AD26: =+F26+R26 -> 15362.948 | AF26: =IF(AG26=0,"N.A.",((H26*I26)+(T26*U26))/AG26) -> 12.76 | AG26: =+I26+U26 -> 22892.682 | AI26: =IF(AJ26=0,"N.A.",((B26*C26)+(N26*O26))/AJ26) -> 12.82 | AJ26: =+C26+O26 -> 66073.695 | AL26: =+AA26+AG26 -> 29271.018 | AM26: =+AB26+AH26 -> 0 | AN26: =+AD26+AJ26 -> 81436.643 | AO26: =+AE26+AK26 -> 0
A27: ABRIL DE 2007 | E27: 8.01 | F27: 2892.456 | K27: 8.1 | L27: 116.282 | N27: 13.01 | O27: 60264.116 | Q27: 7.98 | R27: 8182.977 | T27: 12.9 | U27: 20821.24 | W27: 7.92 | X27: 5167.899 | Z27: =IF(AA27=0,"N.A.",((K27*L27)+(W27*X27))/AA27) -> 7.923961 | AA27: =+L27+X27 -> 5284.181 | AC27: =IF(AD27=0,"N.A.",((E27*F27)+(Q27*R27))/AD27) -> 7.9878348 | AD27: =+F27+R27 -> 11075.433 | AF27: =IF(AG27=0,"N.A.",((H27*I27)+(T27*U27))/AG27) -> 12.9 | AG27: =+I27+U27 -> 20821.24 | AI27: =IF(AJ27=0,"N.A.",((B27*C27)+(N27*O27))/AJ27) -> 13.01 | AJ27: =+C27+O27 -> 60264.116 | AL27: =+AA27+AG27 -> 26105.421 | AM27: =+AB27+AH27 -> 0 | AN27: =+AD27+AJ27 -> 71339.549 | AO27: =+AE27+AK27 -> 0
A28: MAYO DE 2007 | E28: 8.41 | F28: 4720.003 | K28: 8.51 | L28: 86.6 | N28: 13.58 | O28: 101423.24 | Q28: 8.58 | R28: 10375.362 | T28: 13.31 | U28: 29095.676 | W28: 8.14 | X28: 6666.831 | Z28: =IF(AA28=0,"N.A.",((K28*L28)+(W28*X28))/AA28) -> 8.1447446 | AA28: =+L28+X28 -> 6753.431 | AC28: =IF(AD28=0,"N.A.",((E28*F28)+(Q28*R28))/AD28) -> 8.5268446 | AD28: =+F28+R28 -> 15095.365 | AF28: =IF(AG28=0,"N.A.",((H28*I28)+(T28*U28))/AG28) -> 13.31 | AG28: =+I28+U28 -> 29095.676 | AI28: =IF(AJ28=0,"N.A.",((B28*C28)+(N28*O28))/AJ28) -> 13.58 | AJ28: =+C28+O28 -> 101423.24 | AL28: =+AA28+AG28 -> 35849.107 | AM28: =+AB28+AH28 -> 0 | AN28: =+AD28+AJ28 -> 116518.61 | AO28: =+AE28+AK28 -> 0
A29: JUNIO DE 2007 | E29: 9.04 | F29: 5165.582 | K29: 9.23 | L29: 86.852 | N29: 14.13 | O29: 76873.69 | Q29: 9.26 | R29: 10041.499 | T29: 13.88 | U29: 25310.594 | W29: 8.6 | X29: 6808.737 | Z29: =IF(AA29=0,"N.A.",((K29*L29)+(W29*X29))/AA29) -> 8.607935 | AA29: =+L29+X29 -> 6895.589 | AC29: =IF(AD29=0,"N.A.",((E29*F29)+(Q29*R29))/AD29) -> 9.1852698 | AD29: =+F29+R29 -> 15207.081 | AF29: =IF(AG29=0,"N.A.",((H29*I29)+(T29*U29))/AG29) -> 13.88 | AG29: =+I29+U29 -> 25310.594 | AI29: =IF(AJ29=0,"N.A.",((B29*C29)+(N29*O29))/AJ29) -> 14.13 | AJ29: =+C29+O29 -> 76873.69 | AL29: =+AA29+AG29 -> 32206.183 | AM29: =+AB29+AH29 -> 0 | AN29: =+AD29+AJ29 -> 92080.771 | AO29: =+AE29+AK29 -> 0
... A100: MAYO DE 2013 | E100: 9 | F100: 6781.69 | K100: 10.7 | L100: 18.076 | N100: 11.2 | O100: 175157.38 | Q100: 8.79 | R100: 6709.944 | T100: 12.48 | U100: 39163.741 | W100: 10.7 | X100: 7770.586 | Z100: =IF(AA100=0,"N.A.",((K100*L100)+(W100*X100))/AA100) -> 10.7 | AA100: =+L100+X100 -> 7788.662 | AC100: =IF(AD100=0,"N.A.",((E100*F100)+(Q100*R100))/AD100) -> 8.8955584 | AD100: =+F100+R100 -> 13491.634 | AF100: =IF(AG100=0,"N.A.",((H100*I100)+(T100*U100))/AG100) -> 12.48 | AG100: =+I100+U100 -> 39163.741 | AI100: =IF(AJ100=0,"N.A.",((B100*C100)+(N100*O100))/AJ100) -> 11.2 | AJ100: =+C100+O100 -> 175157.38 | AL100: =+AA100+AG100 -> 46952.403 | AM100: =+AB100+AH100 -> 0 | AN100: =+AD100+AJ100 -> 188649.01 | AO100: =+AE100+AK100 -> 0
A101: JUNIO DE 2013 | E101: 8.37 | F101: 8077.42 | N101: 11.18 | O101: 134613.01 | Q101: 8.87 | R101: 4797.331 | T101: 12.47 | U101: 30142.757 | W101: 10.7 | X101: 5394.015 | Z101: =IF(AA101=0,"N.A.",((K101*L101)+(W101*X101))/AA101) -> 10.7 | AA101: =+L101+X101 -> 5394.015 | AC101: =IF(AD101=0,"N.A.",((E101*F101)+(Q101*R101))/AD101) -> 8.5563077 | AD101: =+F101+R101 -> 12874.751 | AF101: =IF(AG101=0,"N.A.",((H101*I101)+(T101*U101))/AG101) -> 12.47 | AG101: =+I101+U101 -> 30142.757 | AI101: =IF(AJ101=0,"N.A.",((B101*C101)+(N101*O101))/AJ101) -> 11.18 | AJ101: =+C101+O101 -> 134613.01 | AL101: =+AA101+AG101 -> 35536.772 | AM101: =+AB101+AH101 -> 0 | AN101: =+AD101+AJ101 -> 147487.76 | AO101: =+AE101+AK101 -> 0
A102: JULIO DE 2013 | E102: 8.52 | F102: 10466.02 | N102: 10.97 | O102: 160030.15 | Q102: 8.65 | R102: 7213.358 | T102: 12.36 | U102: 40146.186 | W102: 10.53 | X102: 6243.235 | Z102: =IF(AA102=0,"N.A.",((K102*L102)+(W102*X102))/AA102) -> 10.53 | AA102: =+L102+X102 -> 6243.235 | AC102: =IF(AD102=0,"N.A.",((E102*F102)+(Q102*R102))/AD102) -> 8.5730413 | AD102: =+F102+R102 -> 17679.378 | AF102: =IF(AG102=0,"N.A.",((H102*I102)+(T102*U102))/AG102) -> 12.36 | AG102: =+I102+U102 -> 40146.186 | AI102: =IF(AJ102=0,"N.A.",((B102*C102)+(N102*O102))/AJ102) -> 10.97 | AJ102: =+C102+O102 -> 160030.15 | AL102: =+AA102+AG102 -> 46389.421 | AM102: =+AB102+AH102 -> 0 | AN102: =+AD102+AJ102 -> 177709.53 | AO102: =+AE102+AK102 -> 0
A103: AGOSTO DE 2013 | E103: 8.58 | F103: 5972.342 | K103: 10.7 | L103: 13 | N103: 11.04 | O103: 123825.35 | Q103: 8.92 | R103: 5657.84 | T103: 12.34 | U103: 31625.98 | W103: 10.42 | X103: 4630.747 | Z103: =IF(AA103=0,"N.A.",((K103*L103)+(W103*X103))/AA103) -> 10.420784 | AA103: =+L103+X103 -> 4643.747 | AC103: =IF(AD103=0,"N.A.",((E103*F103)+(Q103*R103))/AD103) -> 8.7454029 | AD103: =+F103+R103 -> 11630.182 | AF103: =IF(AG103=0,"N.A.",((H103*I103)+(T103*U103))/AG103) -> 12.34 | AG103: =+I103+U103 -> 31625.98 | AI103: =IF(AJ103=0,"N.A.",((B103*C103)+(N103*O103))/AJ103) -> 11.04 | AJ103: =+C103+O103 -> 123825.35 | AL103: =+AA103+AG103 -> 36269.727 | AM103: =+AB103+AH103 -> 0 | AN103: =+AD103+AJ103 -> 135455.54 | AO103: =+AE103+AK103 -> 0
